,formula,heusler type,num_electron,struct type,latt const,tetragonality,e_form,pol fermi,gap width,stability,mu_b,mu_b saturation
0,"[23, 23, 21, 13]","[1, 0, 0]",16,"[1, 0, 0, 0, 0, 0]",5.49,1.561,0.046,0.1,0.0,False,0.0002,0.03
1,"[23, 23, 21, 31]","[1, 0, 0]",16,"[1, 0, 0, 0, 0, 0]",5.43,1.5893,-0.014,36.93,0.0,True,0.1775,25.88
2,"[23, 23, 21, 49]","[1, 0, 0]",16,"[1, 0, 0, 0, 0, 0]",5.66,1.5583,0.191,34.28,0.0,False,0.1624,21.32
3,"[23, 23, 21, 14]","[1, 0, 0]",17,"[1, 0, 0, 0, 0, 0]",5.34,1.5993,-0.122,19.59,0.0,True,0.6638,101.12
4,"[23, 23, 21, 32]","[1, 0, 0]",17,"[1, 0, 0, 0, 0, 0]",5.39,1.6104,-0.087,10.09,0.0,True,0.7492,110.21
5,"[23, 23, 21, 50]","[1, 0, 0]",17,"[1, 0, 0, 0, 0, 0]",5.66,1.5565,0.032,45.39,0.0,False,1.0025,131.77
6,"[23, 23, 21, 15]","[1, 0, 0]",18,"[1, 0, 0, 0, 0, 0]",5.18,1.6911,-0.322,0.0,0.0,True,0.0001,0.02
7,"[23, 23, 21, 33]","[1, 0, 0]",18,"[1, 0, 0, 0, 0, 0]",5.31,1.6742,-0.162,0.0,0.0,True,0.0002,0.03
8,"[23, 23, 21, 51]","[1, 0, 0]",18,"[0, 1, 0, 0, 0, 0]",6.5342,0.9988,0.042,5.26,0.156,False,4.1965,558.68
9,"[23, 23, 22, 13]","[1, 0, 0]",17,"[0, 1, 0, 0, 0, 0]",6.16,1.0,-0.024,8.6,0.0,True,0.7065,112.12
10,"[23, 23, 22, 31]","[1, 0, 0]",17,"[0, 1, 0, 0, 0, 0]",6.1358,0.9952,-0.039,4.9,0.0,True,0.6168,99.53
11,"[23, 23, 22, 49]","[1, 0, 0]",17,"[0, 1, 0, 0, 0, 0]",6.3622,0.9998,0.205,18.85,0.0,False,0.6805,98.04
12,"[23, 23, 22, 14]","[1, 0, 0]",18,"[1, 0, 0, 0, 0, 0]",5.8997,1.059,-0.253,0.03,0.0,True,0.0001,0.02
13,"[23, 23, 22, 32]","[1, 0, 0]",18,"[1, 0, 0, 0, 0, 0]",5.18,1.6564,-0.219,0.02,0.0,True,0.0002,0.03
14,"[23, 23, 22, 50]","[1, 0, 0]",18,"[1, 0, 0, 0, 0, 0]",5.8782,1.2673,-0.014,0.02,0.0,True,0.0002,0.03
15,"[23, 23, 22, 15]","[1, 0, 0]",19,"[1, 0, 0, 0, 0, 0]",5.04,1.6766,-0.492,0.0,0.0,True,0.0,0.0
16,"[23, 23, 22, 33]","[1, 0, 0]",19,"[1, 0, 0, 0, 0, 0]",5.177,1.6492,-0.281,0.0,0.0,True,0.0,0.0
17,"[23, 23, 22, 51]","[1, 0, 0]",19,"[0, 1, 0, 0, 0, 0]",6.32,1.0,-0.05,13.05,0.005,True,1.7344,254.87
18,"[23, 23, 23, 13]","[1, 0, 0]",18,"[0, 1, 0, 0, 0, 0]",6.03,1.0,-0.087,0.0,0.0,True,0.0,0.0
19,"[23, 23, 23, 31]","[1, 0, 0]",18,"[0, 1, 0, 0, 0, 0]",6.03,1.0,-0.097,0.0,0.0,True,0.0,0.0
20,"[23, 23, 23, 49]","[1, 0, 0]",18,"[0, 1, 0, 0, 0, 0]",6.25,1.0,0.218,0.01,0.0,False,0.0,0.0
21,"[23, 23, 23, 14]","[1, 0, 0]",19,"[1, 0, 0, 0, 0, 0]",5.72,1.1031,-0.307,0.0,0.0,True,0.0,0.0
22,"[23, 23, 23, 32]","[1, 0, 0]",19,"[1, 0, 0, 0, 0, 0]",5.68,1.1761,-0.177,0.0,0.0,True,0.0001,0.02
23,"[23, 23, 23, 50]","[1, 0, 0]",19,"[1, 0, 0, 0, 0, 0]",5.94,1.1599,0.032,0.02,0.0,False,0.0002,0.03
24,"[23, 23, 23, 15]","[1, 0, 0]",20,"[1, 0, 0, 0, 0, 0]",5.41,1.2662,-0.421,0.0,0.0,True,0.0,0.0
25,"[23, 23, 23, 33]","[1, 0, 0]",20,"[1, 0, 0, 0, 0, 0]",5.16,1.5659,-0.222,0.0,0.0,True,0.0,0.0
26,"[23, 23, 23, 51]","[1, 0, 0]",20,"[0, 1, 0, 0, 0, 0]",6.24,1.0,0.002,81.02,0.0,False,2.013,307.34
27,"[23, 23, 24, 13]","[1, 0, 0]",19,"[0, 1, 0, 0, 0, 0]",5.96,1.0,-0.052,91.93,0.0,True,0.9835,172.33
28,"[23, 23, 24, 31]","[1, 0, 0]",19,"[1, 0, 0, 0, 0, 0]",5.6588,1.1587,-0.051,0.0,0.0,True,0.0,0.0
29,"[23, 23, 24, 49]","[1, 0, 0]",19,"[0, 1, 0, 0, 0, 0]",6.21,1.0,0.306,38.99,0.0,False,1.4251,220.75
30,"[23, 23, 24, 14]","[1, 0, 0]",20,"[1, 0, 0, 0, 0, 0]",5.568,1.1595,-0.248,0.0,0.0,True,0.0001,0.02
31,"[23, 23, 24, 32]","[1, 0, 0]",20,"[1, 0, 0, 0, 0, 0]",5.5191,1.2431,-0.103,0.0,0.0,True,0.0,0.0
32,"[23, 23, 24, 50]","[1, 0, 0]",20,"[0, 1, 0, 0, 0, 0]",6.24,1.0,0.132,71.38,0.0,False,1.865,284.74
33,"[23, 23, 24, 15]","[1, 0, 0]",21,"[1, 0, 0, 0, 0, 0]",5.0183,1.5324,-0.378,10.54,0.0,True,0.7036,134.78
34,"[23, 23, 24, 33]","[1, 0, 0]",21,"[1, 0, 0, 0, 0, 0]",5.1692,1.503,-0.127,2.95,0.0,True,0.6871,122.78
35,"[23, 23, 24, 51]","[1, 0, 0]",21,"[1, 0, 0, 0, 0, 0]",5.4071,1.4828,0.101,42.04,0.0,False,0.8851,140.07
36,"[23, 23, 25, 13]","[1, 0, 0]",20,"[0, 1, 0, 0, 0, 0]",5.96,1.0,-0.075,27.41,0.0,True,1.466,256.88
37,"[23, 23, 25, 31]","[1, 0, 0]",20,"[1, 0, 0, 0, 0, 0]",5.2009,1.4615,-0.078,22.35,0.0,True,0.6602,119.12
38,"[23, 23, 25, 49]","[1, 0, 0]",20,"[0, 1, 0, 0, 0, 0]",6.31,1.0,0.244,34.48,0.0,False,1.7014,251.21
39,"[23, 23, 25, 14]","[1, 0, 0]",21,"[1, 0, 0, 0, 0, 0]",4.9331,1.652,-0.318,13.4,0.0,True,1.6566,309.86
40,"[23, 23, 25, 32]","[1, 0, 0]",21,"[1, 0, 0, 0, 0, 0]",5.3965,1.3275,-0.157,20.92,0.0,True,1.1573,205.77
41,"[23, 23, 25, 50]","[1, 0, 0]",21,"[0, 1, 0, 0, 0, 0]",6.32,1.0,0.071,48.97,0.19,False,1.492,219.25
42,"[23, 23, 25, 15]","[1, 0, 0]",22,"[1, 0, 0, 0, 0, 0]",4.9367,1.5977,-0.47,42.86,0.0,True,1.815,350.26
43,"[23, 23, 25, 33]","[1, 0, 0]",22,"[1, 0, 0, 0, 0, 0]",5.0731,1.5509,-0.221,40.59,0.0,True,1.93,353.58
44,"[23, 23, 25, 51]","[1, 0, 0]",22,"[0, 1, 0, 0, 0, 0]",6.28,1.0,0.041,44.8,0.014,False,0.9135,136.82
45,"[23, 23, 26, 13]","[1, 0, 0]",21,"[1, 0, 0, 0, 0, 0]",4.9285,1.6927,-0.147,12.82,0.0,True,1.5127,276.92
46,"[23, 23, 26, 31]","[1, 0, 0]",21,"[1, 0, 0, 0, 0, 0]",5.0109,1.6379,-0.129,28.24,0.0,True,1.6169,291.04
47,"[23, 23, 26, 49]","[1, 0, 0]",21,"[0, 1, 0, 0, 0, 0]",6.21,1.0,0.288,41.86,0.005,False,0.9985,154.67
48,"[23, 23, 26, 14]","[1, 0, 0]",22,"[0, 1, 0, 0, 0, 0]",5.86,1.0,-0.255,18.92,0.009,True,1.2041,221.97
49,"[23, 23, 26, 32]","[1, 0, 0]",22,"[0, 1, 0, 0, 0, 0]",5.96,1.0,-0.128,27.75,0.023,True,0.8354,146.38
50,"[23, 23, 26, 50]","[1, 0, 0]",22,"[1, 0, 0, 0, 0, 0]",5.2012,1.6185,0.014,31.81,0.0,False,2.016,328.39
51,"[23, 23, 26, 15]","[1, 0, 0]",23,"[1, 0, 0, 0, 0, 0]",4.9363,1.5625,-0.494,44.8,0.0,True,1.4605,288.27
52,"[23, 23, 26, 33]","[1, 0, 0]",23,"[1, 0, 0, 0, 0, 0]",4.9572,1.6374,-0.235,25.94,0.0,True,1.3832,257.25
53,"[23, 23, 26, 51]","[1, 0, 0]",23,"[1, 0, 0, 0, 0, 0]",5.1592,1.6446,-0.027,22.82,0.0,True,1.4375,236.11
54,"[23, 23, 27, 13]","[1, 0, 0]",22,"[1, 0, 0, 0, 0, 0]",4.8925,1.7232,-0.221,0.14,0.0,True,0.0019,0.35
55,"[23, 23, 27, 31]","[1, 0, 0]",22,"[1, 0, 0, 0, 0, 0]",4.9264,1.6825,-0.184,0.0,0.0,True,0.0042,0.77
56,"[23, 23, 27, 49]","[1, 0, 0]",22,"[0, 1, 0, 0, 0, 0]",6.2,1.0,0.313,63.65,0.0,False,3.7179,578.69
57,"[23, 23, 27, 14]","[1, 0, 0]",23,"[1, 0, 0, 0, 0, 0]",4.8494,1.6761,-0.42,0.0,0.0,True,0.0,0.0
58,"[23, 23, 27, 32]","[1, 0, 0]",23,"[1, 0, 0, 0, 0, 0]",4.9455,1.6546,-0.264,0.29,0.0,True,0.0707,13.1
59,"[23, 23, 27, 50]","[1, 0, 0]",23,"[1, 0, 0, 0, 0, 0]",5.137,1.674,-0.05,3.77,0.0,True,0.0912,14.91
60,"[23, 23, 27, 15]","[1, 0, 0]",24,"[1, 0, 0, 0, 0, 0]",4.8591,1.6121,-0.553,0.02,0.0,True,0.0001,0.02
61,"[23, 23, 27, 33]","[1, 0, 0]",24,"[1, 0, 0, 0, 0, 0]",4.9811,1.6124,-0.303,0.05,0.0,True,0.0007,0.13
62,"[23, 23, 27, 51]","[1, 0, 0]",24,"[1, 0, 0, 0, 0, 0]",5.1663,1.6342,-0.109,0.02,0.0,True,0.0001,0.02
63,"[23, 23, 28, 13]","[1, 0, 0]",23,"[1, 0, 0, 0, 0, 0]",4.9115,1.7241,-0.291,0.0,0.0,True,0.0,0.0
64,"[23, 23, 28, 31]","[1, 0, 0]",23,"[1, 0, 0, 0, 0, 0]",4.952,1.6784,-0.25,0.0,0.0,True,0.0,0.0
65,"[23, 23, 28, 49]","[1, 0, 0]",23,"[1, 0, 0, 0, 0, 0]",5.1417,1.6933,0.052,0.0,0.0,False,0.0,0.0
66,"[23, 23, 28, 14]","[1, 0, 0]",24,"[1, 0, 0, 0, 0, 0]",4.9295,1.6188,-0.461,0.0,0.0,True,0.0,0.0
67,"[23, 23, 28, 32]","[1, 0, 0]",24,"[1, 0, 0, 0, 0, 0]",5.0215,1.6023,-0.323,0.0,0.0,True,0.0,0.0
68,"[23, 23, 28, 50]","[1, 0, 0]",24,"[1, 0, 0, 0, 0, 0]",5.1991,1.6346,-0.139,0.0,0.0,True,0.0,0.0
69,"[23, 23, 28, 15]","[1, 0, 0]",25,"[1, 0, 0, 0, 0, 0]",4.9483,1.5557,-0.556,0.0,0.0,True,0.0,0.0
70,"[23, 23, 28, 33]","[1, 0, 0]",25,"[1, 0, 0, 0, 0, 0]",5.0667,1.557,-0.335,0.01,0.0,True,0.0,0.0
71,"[23, 23, 28, 51]","[1, 0, 0]",25,"[1, 0, 0, 0, 0, 0]",5.239,1.5891,-0.167,0.0,0.0,True,0.0,0.0
72,"[24, 24, 21, 13]","[1, 0, 0]",18,"[0, 1, 0, 0, 0, 0]",6.3429,1.0001,0.119,93.06,0.0,False,5.9142,859.64
73,"[24, 24, 21, 31]","[1, 0, 0]",18,"[0, 1, 0, 0, 0, 0]",6.31,1.0,0.138,88.23,0.0,False,5.8512,863.94
74,"[24, 24, 21, 49]","[1, 0, 0]",18,"[0, 1, 0, 0, 0, 0]",6.56,1.0,0.265,92.46,0.0,False,5.9213,778.1
75,"[24, 24, 21, 14]","[1, 0, 0]",19,"[0, 1, 0, 0, 0, 0]",6.1227,1.0004,-0.035,78.57,0.328,True,4.937,797.6
76,"[24, 24, 21, 32]","[1, 0, 0]",19,"[0, 1, 0, 0, 0, 0]",6.21,1.0,0.049,78.76,0.086,False,4.9294,763.57
77,"[24, 24, 21, 50]","[1, 0, 0]",19,"[0, 1, 0, 0, 0, 0]",6.47,1.0,0.081,87.85,0.0,False,4.9609,679.48
78,"[24, 24, 21, 15]","[1, 0, 0]",20,"[0, 1, 0, 0, 0, 0]",5.9823,1.0004,-0.088,95.99,0.214,True,3.9738,688.25
79,"[24, 24, 21, 33]","[1, 0, 0]",20,"[0, 1, 0, 0, 0, 0]",6.1469,0.9949,0.066,96.85,0.0,False,3.9852,639.75
80,"[24, 24, 21, 51]","[1, 0, 0]",20,"[0, 1, 0, 0, 0, 0]",6.3895,0.9995,0.083,98.13,0.19,False,3.997,568.67
81,"[24, 24, 22, 13]","[1, 0, 0]",19,"[0, 1, 0, 0, 0, 0]",6.096,1.0002,-0.008,28.16,0.332,True,4.4399,726.9
82,"[24, 24, 22, 31]","[1, 0, 0]",19,"[0, 1, 0, 0, 0, 0]",6.0763,1.0004,0.016,39.51,0.019,False,4.3226,714.45
83,"[24, 24, 22, 49]","[1, 0, 0]",19,"[0, 1, 0, 0, 0, 0]",6.35,1.0,0.241,68.08,0.0,False,4.733,685.71
84,"[24, 24, 22, 14]","[1, 0, 0]",20,"[0, 1, 0, 0, 0, 0]",5.91,1.0,-0.252,15.92,0.542,True,3.0466,547.49
85,"[24, 24, 22, 32]","[1, 0, 0]",20,"[0, 1, 0, 0, 0, 0]",6.0,1.0,-0.114,18.73,0.271,True,3.318,569.84
86,"[24, 24, 22, 50]","[1, 0, 0]",20,"[0, 1, 0, 0, 0, 0]",6.2865,0.9988,0.016,81.83,0.052,False,3.8602,577.05
87,"[24, 24, 22, 15]","[1, 0, 0]",21,"[0, 1, 0, 0, 0, 0]",5.7976,1.0001,-0.362,5.2,0.584,True,2.5318,481.92
88,"[24, 24, 22, 33]","[1, 0, 0]",21,"[0, 1, 0, 0, 0, 0]",5.9565,1.0017,-0.136,65.11,0.0,True,2.9461,516.24
89,"[24, 24, 22, 51]","[1, 0, 0]",21,"[0, 1, 0, 0, 0, 0]",6.2179,0.999,-0.033,86.72,0.413,True,2.9913,462.02
90,"[24, 24, 23, 13]","[1, 0, 0]",20,"[0, 1, 0, 0, 0, 0]",5.93,1.0,-0.055,31.65,0.319,True,2.6887,478.31
91,"[24, 24, 23, 31]","[1, 0, 0]",20,"[0, 1, 0, 0, 0, 0]",5.93,1.0,-0.02,6.48,0.109,True,2.8109,500.04
92,"[24, 24, 23, 49]","[1, 0, 0]",20,"[0, 1, 0, 0, 0, 0]",6.25,1.0,0.272,46.41,0.0,False,3.7257,566.1
93,"[24, 24, 23, 14]","[1, 0, 0]",21,"[0, 1, 0, 0, 0, 0]",5.81,1.0005,-0.288,53.98,0.114,True,2.8966,547.62
94,"[24, 24, 23, 32]","[1, 0, 0]",21,"[0, 1, 0, 0, 0, 0]",5.9082,1.0,-0.115,83.36,0.209,True,2.9515,530.88
95,"[24, 24, 23, 50]","[1, 0, 0]",21,"[0, 1, 0, 0, 0, 0]",6.18,1.0,0.078,64.35,0.166,False,2.9765,467.81
96,"[24, 24, 23, 15]","[1, 0, 0]",22,"[0, 1, 0, 0, 0, 0]",5.66,1.0,-0.364,13.01,0.0,True,0.3656,74.8
97,"[24, 24, 23, 33]","[1, 0, 0]",22,"[0, 1, 0, 0, 0, 0]",5.84,1.0,-0.071,23.18,0.0,True,1.7736,330.33
98,"[24, 24, 23, 51]","[1, 0, 0]",22,"[0, 1, 0, 0, 0, 0]",6.11,1.0,0.103,93.35,0.19,False,1.9941,324.3
99,"[24, 24, 24, 13]","[1, 0, 0]",21,"[0, 1, 0, 0, 0, 0]",5.9114,1.0002,-0.021,64.28,0.199,True,2.9205,524.38
100,"[24, 24, 24, 31]","[1, 0, 0]",21,"[0, 1, 0, 0, 0, 0]",5.92,1.0,0.035,46.04,0.157,False,2.8754,514.11
101,"[24, 24, 24, 49]","[1, 0, 0]",21,"[0, 1, 0, 0, 0, 0]",6.25,1.0,0.344,68.56,0.0,False,2.9604,449.82
102,"[24, 24, 24, 14]","[1, 0, 0]",22,"[0, 1, 0, 0, 0, 0]",5.73,1.0,-0.169,41.4,0.0,True,1.8813,370.96
103,"[24, 24, 24, 32]","[1, 0, 0]",22,"[0, 1, 0, 0, 0, 0]",5.86,1.0,0.032,92.88,0.0,False,1.9746,364.01
104,"[24, 24, 24, 50]","[1, 0, 0]",22,"[0, 1, 0, 0, 0, 0]",6.2051,0.9983,0.239,99.84,0.014,False,1.9997,311.0
105,"[24, 24, 24, 15]","[1, 0, 0]",23,"[0, 1, 0, 0, 0, 0]",5.6071,1.0028,-0.201,0.0,0.0,True,0.0,0.0
106,"[24, 24, 24, 33]","[1, 0, 0]",23,"[0, 1, 0, 0, 0, 0]",5.84,1.0,0.083,90.67,0.0,False,0.9754,181.67
107,"[24, 24, 24, 51]","[1, 0, 0]",23,"[0, 1, 0, 0, 0, 0]",6.14,1.0,0.265,99.93,0.433,False,1.0,160.26
108,"[24, 24, 25, 13]","[1, 0, 0]",22,"[0, 1, 0, 0, 0, 0]",5.9167,0.9999,0.002,97.35,0.209,False,1.9932,357.03
109,"[24, 24, 25, 31]","[1, 0, 0]",22,"[0, 1, 0, 0, 0, 0]",5.9347,1.0013,0.04,89.59,0.194,False,1.9515,345.9
110,"[24, 24, 25, 49]","[1, 0, 0]",22,"[0, 1, 0, 0, 0, 0]",6.27,1.0,0.337,62.99,0.0,False,2.0343,306.15
111,"[24, 24, 25, 14]","[1, 0, 0]",23,"[0, 1, 0, 0, 0, 0]",5.78,1.0,-0.162,84.44,0.138,True,0.9306,178.77
112,"[24, 24, 25, 32]","[1, 0, 0]",23,"[0, 1, 0, 0, 0, 0]",5.91,1.0,-0.007,92.23,0.418,True,0.9588,172.3
113,"[24, 24, 25, 50]","[1, 0, 0]",23,"[0, 1, 0, 0, 0, 0]",6.21,1.0,0.181,95.76,0.152,False,0.9905,153.43
114,"[24, 24, 25, 15]","[1, 0, 0]",24,"[0, 1, 0, 0, 0, 0]",5.6774,0.9993,-0.268,41.82,0.005,True,0.397,80.54
115,"[24, 24, 25, 33]","[1, 0, 0]",24,"[0, 1, 0, 0, 0, 0]",5.85,1.0,-0.006,80.55,0.0,True,0.0447,8.28
116,"[24, 24, 25, 51]","[1, 0, 0]",24,"[0, 1, 0, 0, 0, 0]",6.13,1.0,0.171,95.17,0.547,False,0.0011,0.18
117,"[24, 24, 26, 13]","[1, 0, 0]",23,"[0, 1, 0, 0, 0, 0]",5.8518,0.9991,0.099,82.06,0.0,False,4.9857,923.78
118,"[24, 24, 26, 31]","[1, 0, 0]",23,"[0, 1, 0, 0, 0, 0]",5.89,1.0,0.11,50.67,0.066,False,0.8541,155.06
119,"[24, 24, 26, 49]","[1, 0, 0]",23,"[0, 1, 0, 0, 0, 0]",6.16,1.0,0.45,53.19,0.005,False,0.9688,153.75
120,"[24, 24, 26, 14]","[1, 0, 0]",24,"[0, 1, 0, 0, 0, 0]",5.7185,1.0021,-0.134,5.54,0.0,True,0.7815,154.7
121,"[24, 24, 26, 32]","[1, 0, 0]",24,"[0, 1, 0, 0, 0, 0]",5.84,1.0,0.049,40.46,0.0,False,0.1578,29.39
122,"[24, 24, 26, 50]","[1, 0, 0]",24,"[1, 0, 0, 0, 0, 0]",5.0667,1.6458,0.292,47.51,0.0,False,1.0825,187.6
123,"[24, 24, 26, 15]","[1, 0, 0]",25,"[0, 1, 0, 0, 0, 0]",5.6248,0.9997,-0.223,13.2,0.004,True,1.6627,346.69
124,"[24, 24, 26, 33]","[1, 0, 0]",25,"[0, 1, 0, 0, 0, 0]",5.8006,0.9947,0.076,0.02,0.0,False,1.1509,219.91
125,"[24, 24, 26, 51]","[1, 0, 0]",25,"[0, 1, 0, 0, 0, 0]",6.06,1.0,0.296,61.58,0.005,False,0.8395,139.94
126,"[24, 24, 27, 13]","[1, 0, 0]",24,"[0, 1, 0, 0, 0, 0]",5.8919,0.9986,0.125,75.95,0.0,False,5.7597,1046.02
127,"[24, 24, 27, 31]","[1, 0, 0]",24,"[0, 1, 0, 0, 0, 0]",5.8906,1.001,0.162,79.2,0.0,False,5.7819,1048.29
128,"[24, 24, 27, 49]","[1, 0, 0]",24,"[0, 1, 0, 0, 0, 0]",6.1978,1.001,0.477,66.54,0.0,False,6.9038,1074.68
129,"[24, 24, 27, 14]","[1, 0, 0]",25,"[1, 0, 0, 0, 0, 0]",4.7767,1.6358,-0.265,0.0,0.0,True,0.0,0.0
130,"[24, 24, 27, 32]","[1, 0, 0]",25,"[1, 0, 0, 0, 0, 0]",4.8726,1.6211,-0.052,0.0,0.0,True,0.0,0.0
131,"[24, 24, 27, 50]","[1, 0, 0]",25,"[0, 1, 0, 0, 0, 0]",6.19,1.0,0.319,83.49,0.0,False,7.0093,1096.3
132,"[24, 24, 27, 15]","[1, 0, 0]",26,"[1, 0, 0, 0, 0, 0]",5.5397,1.0331,-0.16,34.48,0.0,True,0.4985,105.29
133,"[24, 24, 27, 33]","[1, 0, 0]",26,"[1, 0, 0, 0, 0, 0]",4.9214,1.5768,0.014,57.4,0.0,False,0.5348,105.56
134,"[24, 24, 27, 51]","[1, 0, 0]",26,"[1, 0, 0, 0, 0, 0]",5.1399,1.5723,0.224,66.97,0.0,False,0.7158,124.38
135,"[24, 24, 28, 13]","[1, 0, 0]",25,"[0, 1, 0, 0, 0, 0]",6.0,1.0,0.153,66.55,0.0,False,6.686,1148.26
136,"[24, 24, 28, 31]","[1, 0, 0]",25,"[0, 1, 0, 0, 0, 0]",5.99,1.0,0.169,68.79,0.0,False,6.5147,1124.45
137,"[24, 24, 28, 49]","[1, 0, 0]",25,"[0, 1, 0, 0, 0, 0]",6.3,1.0,0.409,26.7,0.0,False,7.4137,1099.87
138,"[24, 24, 28, 14]","[1, 0, 0]",26,"[1, 0, 0, 0, 0, 0]",4.8237,1.6169,-0.215,0.0,0.0,True,0.0,0.0
139,"[24, 24, 28, 32]","[1, 0, 0]",26,"[1, 0, 0, 0, 0, 0]",4.9228,1.598,-0.031,7.82,0.0,True,0.078,15.18
140,"[24, 24, 28, 50]","[1, 0, 0]",26,"[0, 1, 0, 0, 0, 0]",6.27,1.0,0.273,0.79,0.0,False,7.093,1067.47
141,"[24, 24, 28, 15]","[1, 0, 0]",27,"[1, 0, 0, 0, 0, 0]",5.4831,1.0761,-0.191,0.0,0.0,True,0.0001,0.02
142,"[24, 24, 28, 33]","[1, 0, 0]",27,"[1, 0, 0, 0, 0, 0]",5.0664,1.4838,0.043,69.21,0.0,False,1.7279,332.19
143,"[24, 24, 28, 51]","[1, 0, 0]",27,"[1, 0, 0, 0, 0, 0]",5.179,1.5627,0.215,65.14,0.0,False,1.894,323.66
144,"[25, 25, 21, 13]","[1, 0, 0]",20,"[0, 1, 0, 0, 0, 0]",6.16,1.0,-0.111,88.78,0.204,True,4.0054,635.67
145,"[25, 25, 21, 31]","[1, 0, 0]",20,"[1, 0, 0, 0, 0, 0]",5.63,1.3677,-0.111,31.71,0.0,True,5.4082,822.0
146,"[25, 25, 21, 49]","[1, 0, 0]",20,"[0, 1, 0, 0, 0, 0]",6.52,1.0,0.056,37.22,0.052,False,5.9553,797.05
147,"[25, 25, 21, 14]","[1, 0, 0]",21,"[0, 1, 0, 0, 0, 0]",5.9449,1.0011,-0.25,93.9,0.352,True,2.9809,525.72
148,"[25, 25, 21, 32]","[1, 0, 0]",21,"[0, 1, 0, 0, 0, 0]",6.04,1.0,-0.128,84.94,0.133,True,2.9786,501.45
149,"[25, 25, 21, 50]","[1, 0, 0]",21,"[0, 1, 0, 0, 0, 0]",6.48,1.0,-0.083,47.79,0.223,True,5.6623,771.96
150,"[25, 25, 21, 15]","[1, 0, 0]",22,"[0, 1, 0, 0, 0, 0]",5.82,1.0,-0.313,96.18,0.304,True,1.9888,374.24
151,"[25, 25, 21, 33]","[1, 0, 0]",22,"[0, 1, 0, 0, 0, 0]",5.975,0.9998,-0.117,96.41,0.086,True,1.9852,345.29
152,"[25, 25, 21, 51]","[1, 0, 0]",22,"[0, 1, 0, 0, 0, 0]",6.2319,0.9996,-0.067,97.14,0.304,True,1.9879,304.81
153,"[25, 25, 22, 13]","[1, 0, 0]",21,"[0, 1, 0, 0, 0, 0]",5.95,1.0,-0.338,75.34,0.0,True,2.9865,525.94
154,"[25, 25, 22, 31]","[1, 0, 0]",21,"[0, 1, 0, 0, 0, 0]",5.94,1.0,-0.286,77.07,0.0,True,2.9726,526.14
155,"[25, 25, 22, 49]","[1, 0, 0]",21,"[0, 1, 0, 0, 0, 0]",6.22,1.0,-0.013,12.55,0.0,True,3.184,490.83
156,"[25, 25, 22, 14]","[1, 0, 0]",22,"[0, 1, 0, 0, 0, 0]",5.77,1.0,-0.535,93.46,0.399,True,1.9832,382.97
157,"[25, 25, 22, 32]","[1, 0, 0]",22,"[0, 1, 0, 0, 0, 0]",5.87,1.0,-0.351,94.28,0.114,True,1.9721,361.69
158,"[25, 25, 22, 50]","[1, 0, 0]",22,"[0, 1, 0, 0, 0, 0]",6.13,1.0,-0.17,96.98,0.0,True,1.9841,319.53
159,"[25, 25, 22, 15]","[1, 0, 0]",23,"[0, 1, 0, 0, 0, 0]",5.6621,1.0001,-0.614,0.09,0.389,True,0.0044,0.9
160,"[25, 25, 22, 33]","[1, 0, 0]",23,"[0, 1, 0, 0, 0, 0]",5.82,1.0,-0.346,70.55,0.523,True,0.9519,179.12
161,"[25, 25, 22, 51]","[1, 0, 0]",23,"[0, 1, 0, 0, 0, 0]",6.07,1.0,-0.214,88.3,0.409,True,0.976,161.89
162,"[25, 25, 23, 13]","[1, 0, 0]",22,"[0, 1, 0, 0, 0, 0]",5.8019,0.9994,-0.31,98.05,0.323,True,1.9994,379.98
163,"[25, 25, 23, 31]","[1, 0, 0]",22,"[0, 1, 0, 0, 0, 0]",5.8044,1.001,-0.225,94.78,0.009,True,1.9786,374.95
164,"[25, 25, 23, 49]","[1, 0, 0]",22,"[0, 1, 0, 0, 0, 0]",6.25,1.0,0.093,7.49,0.0,False,4.1104,624.56
165,"[25, 25, 23, 14]","[1, 0, 0]",23,"[0, 1, 0, 0, 0, 0]",5.65,1.0,-0.517,73.16,0.005,True,0.9657,198.62
166,"[25, 25, 23, 32]","[1, 0, 0]",23,"[0, 1, 0, 0, 0, 0]",5.75,1.0,-0.278,84.97,0.0,True,0.9628,187.87
167,"[25, 25, 23, 50]","[1, 0, 0]",23,"[0, 1, 0, 0, 0, 0]",6.01,1.0,-0.018,93.53,0.138,True,0.9941,169.88
168,"[25, 25, 23, 15]","[1, 0, 0]",24,"[0, 1, 0, 0, 0, 0]",5.5664,0.9999,-0.548,3.35,0.0,True,0.0018,0.39
169,"[25, 25, 23, 33]","[1, 0, 0]",24,"[0, 1, 0, 0, 0, 0]",5.7203,0.9994,-0.225,0.03,0.0,True,0.0,0.0
170,"[25, 25, 23, 51]","[1, 0, 0]",24,"[0, 1, 0, 0, 0, 0]",5.9686,0.9999,-0.031,0.0,0.0,True,0.0,0.0
171,"[25, 25, 24, 13]","[1, 0, 0]",23,"[0, 1, 0, 0, 0, 0]",5.72,1.0,-0.155,91.76,0.0,True,1.0406,206.26
172,"[25, 25, 24, 31]","[1, 0, 0]",23,"[1, 0, 0, 0, 0, 0]",5.4019,1.2832,-0.061,58.23,0.0,True,2.7269,500.11
173,"[25, 25, 24, 49]","[1, 0, 0]",23,"[0, 1, 0, 0, 0, 0]",6.31,1.0,0.243,53.3,0.0,False,3.7636,555.7
174,"[25, 25, 24, 14]","[1, 0, 0]",24,"[0, 1, 0, 0, 0, 0]",5.5899,0.9988,-0.327,0.04,0.0,True,0.0002,0.04
175,"[25, 25, 24, 32]","[1, 0, 0]",24,"[0, 1, 0, 0, 0, 0]",5.72,1.0,-0.063,95.68,0.0,True,0.0156,3.09
176,"[25, 25, 24, 50]","[1, 0, 0]",24,"[1, 0, 0, 0, 0, 0]",5.61,1.3316,0.092,88.95,0.0,False,2.028,320.0
177,"[25, 25, 24, 15]","[1, 0, 0]",25,"[0, 1, 0, 0, 0, 0]",5.55,1.0,-0.335,87.89,0.0,True,1.0108,219.34
178,"[25, 25, 24, 33]","[1, 0, 0]",25,"[1, 0, 0, 0, 0, 0]",5.2188,1.4032,-0.055,13.48,0.0,True,1.4207,264.25
179,"[25, 25, 24, 51]","[1, 0, 0]",25,"[1, 0, 0, 0, 0, 0]",5.52,1.3623,0.104,9.78,0.0,False,1.1809,191.18
180,"[25, 25, 25, 13]","[1, 0, 0]",24,"[1, 0, 0, 0, 0, 0]",5.3644,1.307,-0.136,55.07,0.0,True,1.7039,313.27
181,"[25, 25, 25, 31]","[1, 0, 0]",24,"[1, 0, 0, 0, 0, 0]",5.35,7.09,-0.104,58.98,0.0,True,1.7624,60.22
182,"[25, 25, 25, 49]","[1, 0, 0]",24,"[1, 0, 0, 0, 0, 0]",5.6,1.3464,0.179,67.32,0.0,False,1.9188,301.03
183,"[25, 25, 25, 14]","[1, 0, 0]",25,"[0, 1, 0, 0, 0, 0]",5.64,1.0,-0.328,95.93,0.39,True,1.0071,208.24
184,"[25, 25, 25, 32]","[1, 0, 0]",25,"[1, 0, 0, 0, 0, 0]",5.2882,1.343,-0.148,72.35,0.0,True,0.9943,185.71
185,"[25, 25, 25, 50]","[1, 0, 0]",25,"[1, 0, 0, 0, 0, 0]",5.5637,1.3377,0.033,85.16,0.0,False,1.0435,168.02
186,"[25, 25, 25, 15]","[1, 0, 0]",26,"[0, 1, 0, 0, 0, 0]",5.55,1.0,-0.399,95.56,0.0,True,2.0003,434.05
187,"[25, 25, 25, 33]","[1, 0, 0]",26,"[0, 1, 0, 0, 0, 0]",5.71,1.0,-0.097,92.89,0.204,True,2.002,398.92
188,"[25, 25, 25, 51]","[1, 0, 0]",26,"[1, 0, 0, 0, 0, 0]",5.4041,1.4378,0.049,11.82,0.0,False,1.133,185.22
189,"[25, 25, 26, 13]","[1, 0, 0]",25,"[1, 0, 0, 0, 0, 0]",5.2194,1.3645,-0.072,29.28,0.0,True,5.1686,988.26
190,"[25, 25, 26, 31]","[1, 0, 0]",25,"[0, 1, 0, 0, 0, 0]",5.87,1.0,-0.036,48.52,0.0,True,7.3108,1340.84
191,"[25, 25, 26, 49]","[1, 0, 0]",25,"[0, 1, 0, 0, 0, 0]",6.16,1.0,0.234,29.41,0.0,False,8.0256,1273.69
192,"[25, 25, 26, 14]","[1, 0, 0]",26,"[0, 1, 0, 0, 0, 0]",5.599,1.0002,-0.265,25.04,0.0,True,2.104,444.57
193,"[25, 25, 26, 32]","[1, 0, 0]",26,"[1, 0, 0, 0, 0, 0]",5.3788,1.2613,-0.058,54.12,0.0,True,6.4483,1218.73
194,"[25, 25, 26, 50]","[1, 0, 0]",26,"[1, 0, 0, 0, 0, 0]",5.75,1.2104,0.088,32.05,0.0,False,7.3279,1181.3
195,"[25, 25, 26, 15]","[1, 0, 0]",27,"[0, 1, 0, 0, 0, 0]",5.55,1.0,-0.294,44.63,0.0,True,2.8161,611.08
196,"[25, 25, 26, 33]","[1, 0, 0]",27,"[1, 0, 0, 0, 0, 0]",5.0395,1.4881,-0.02,22.65,0.0,True,2.2138,431.17
197,"[25, 25, 26, 51]","[1, 0, 0]",27,"[1, 0, 0, 0, 0, 0]",5.2938,1.4767,0.13,11.14,0.0,False,7.1437,1209.64
198,"[25, 25, 27, 13]","[1, 0, 0]",26,"[0, 1, 0, 0, 0, 0]",5.89,1.0,-0.144,4.85,0.0,True,7.5559,1371.73
199,"[25, 25, 27, 31]","[1, 0, 0]",26,"[0, 1, 0, 0, 0, 0]",5.91,1.0,-0.086,28.99,0.0,True,7.7951,1400.83
200,"[25, 25, 27, 49]","[1, 0, 0]",26,"[0, 1, 0, 0, 0, 0]",6.19,1.0,0.165,30.43,0.0,False,8.1582,1276.0
201,"[25, 25, 27, 14]","[1, 0, 0]",27,"[1, 0, 0, 0, 0, 0]",4.8959,1.4978,-0.257,46.4,0.0,True,2.1643,456.77
202,"[25, 25, 27, 32]","[1, 0, 0]",27,"[0, 1, 0, 0, 0, 0]",5.86,1.0,-0.009,56.26,0.0,True,7.1538,1318.78
203,"[25, 25, 27, 50]","[1, 0, 0]",27,"[1, 0, 0, 0, 0, 0]",5.5362,1.3506,0.052,44.8,0.0,False,7.3015,1181.89
204,"[25, 25, 27, 15]","[1, 0, 0]",28,"[0, 1, 0, 0, 0, 0]",5.5092,0.9993,-0.238,0.09,0.0,True,0.3986,88.49
205,"[25, 25, 27, 33]","[1, 0, 0]",28,"[1, 0, 0, 0, 0, 0]",5.1779,1.3982,-0.028,34.13,0.0,True,5.8381,1115.76
206,"[25, 25, 27, 51]","[1, 0, 0]",28,"[1, 0, 0, 0, 0, 0]",5.4292,1.4102,0.076,62.81,0.0,False,6.874,1129.94
207,"[25, 25, 28, 13]","[1, 0, 0]",27,"[0, 1, 0, 0, 0, 0]",5.92,1.0,-0.097,50.48,0.019,True,6.8174,1218.94
208,"[25, 25, 28, 31]","[1, 0, 0]",27,"[1, 0, 0, 0, 0, 0]",5.3911,1.3223,-0.098,52.97,0.0,True,6.6725,1194.72
209,"[25, 25, 28, 49]","[1, 0, 0]",27,"[0, 1, 0, 0, 0, 0]",6.25,1.0,0.157,46.99,0.0,False,7.7576,1178.73
210,"[25, 25, 28, 14]","[1, 0, 0]",28,"[1, 0, 0, 0, 0, 0]",5.1434,1.3706,-0.266,18.3,0.0,True,4.9589,986.39
211,"[25, 25, 28, 32]","[1, 0, 0]",28,"[1, 0, 0, 0, 0, 0]",5.2653,1.3665,-0.129,26.27,0.0,True,5.6529,1051.31
212,"[25, 25, 28, 50]","[1, 0, 0]",28,"[1, 0, 0, 0, 0, 0]",5.4657,1.4094,-0.011,49.61,0.0,True,6.3444,1022.67
213,"[25, 25, 28, 15]","[1, 0, 0]",29,"[0, 1, 0, 0, 0, 0]",5.53,1.0,-0.261,0.0,0.0,True,0.0001,0.02
214,"[25, 25, 28, 33]","[1, 0, 0]",29,"[1, 0, 0, 0, 0, 0]",5.2002,1.4034,-0.096,13.81,0.0,True,5.3638,1008.23
215,"[25, 25, 28, 51]","[1, 0, 0]",29,"[1, 0, 0, 0, 0, 0]",5.3953,1.4396,-0.008,49.95,0.0,True,5.8538,960.44
216,"[26, 26, 21, 13]","[1, 0, 0]",22,"[0, 1, 0, 0, 0, 0]",6.02,1.0,-0.197,92.85,0.123,True,1.9221,326.82
217,"[26, 26, 21, 31]","[1, 0, 0]",22,"[0, 1, 0, 0, 0, 0]",6.01,1.0,-0.14,93.61,0.0,True,1.9142,327.11
218,"[26, 26, 21, 49]","[1, 0, 0]",22,"[0, 1, 0, 0, 0, 0]",6.37,1.0,0.039,56.37,0.0,False,3.8266,549.19
219,"[26, 26, 21, 14]","[1, 0, 0]",23,"[0, 1, 0, 0, 0, 0]",5.85,1.0,-0.387,91.16,0.2,True,0.9336,172.99
220,"[26, 26, 21, 32]","[1, 0, 0]",23,"[0, 1, 0, 0, 0, 0]",5.95,1.0,-0.246,90.53,0.0,True,0.9044,159.27
221,"[26, 26, 21, 50]","[1, 0, 0]",23,"[0, 1, 0, 0, 0, 0]",6.2048,1.0005,-0.162,86.4,0.0,True,0.8989,139.52
222,"[26, 26, 21, 15]","[1, 0, 0]",24,"[0, 1, 0, 0, 0, 0]",5.75,1.0,-0.484,0.0,0.342,True,0.0,0.0
223,"[26, 26, 21, 33]","[1, 0, 0]",24,"[0, 1, 0, 0, 0, 0]",5.9,1.0,-0.288,0.0,0.166,True,0.0,0.0
224,"[26, 26, 21, 51]","[1, 0, 0]",24,"[0, 1, 0, 0, 0, 0]",6.15,1.0,-0.253,0.0,0.099,True,0.0002,0.03
225,"[26, 26, 22, 13]","[1, 0, 0]",23,"[0, 1, 0, 0, 0, 0]",5.82,1.0,-0.465,88.76,0.047,True,0.9442,177.67
226,"[26, 26, 22, 31]","[1, 0, 0]",23,"[0, 1, 0, 0, 0, 0]",5.83,1.0,-0.377,87.03,0.033,True,0.9086,170.1
227,"[26, 26, 22, 49]","[1, 0, 0]",23,"[0, 1, 0, 0, 0, 0]",6.07,1.0,-0.059,88.28,0.0,True,0.9466,157.01
228,"[26, 26, 22, 14]","[1, 0, 0]",24,"[0, 1, 0, 0, 0, 0]",5.685,1.0001,-0.706,0.0,0.447,True,0.0,0.0
229,"[26, 26, 22, 32]","[1, 0, 0]",24,"[0, 1, 0, 0, 0, 0]",5.78,1.0,-0.494,0.0,0.214,True,0.0,0.0
230,"[26, 26, 22, 50]","[1, 0, 0]",24,"[0, 1, 0, 0, 0, 0]",6.0338,1.0,-0.304,0.0,0.09,True,0.0007,0.12
231,"[26, 26, 22, 15]","[1, 0, 0]",25,"[0, 1, 0, 0, 0, 0]",5.65,1.0,-0.6,100.0,0.403,True,1.0,205.68
232,"[26, 26, 22, 33]","[1, 0, 0]",25,"[0, 1, 0, 0, 0, 0]",5.8,1.0,-0.354,100.0,0.365,True,1.0,190.13
233,"[26, 26, 22, 51]","[1, 0, 0]",25,"[0, 1, 0, 0, 0, 0]",6.04,1.0,-0.264,100.0,0.304,True,1.0022,168.72
234,"[26, 26, 23, 13]","[1, 0, 0]",24,"[0, 1, 0, 0, 0, 0]",5.6925,1.0001,-0.427,0.0,0.0,True,0.0,0.0
235,"[26, 26, 23, 31]","[1, 0, 0]",24,"[0, 1, 0, 0, 0, 0]",5.7084,1.0,-0.299,0.0,0.0,True,0.0,0.0
236,"[26, 26, 23, 49]","[1, 0, 0]",24,"[0, 1, 0, 0, 0, 0]",5.9606,0.9999,0.107,0.0,0.0,False,0.0,0.0
237,"[26, 26, 23, 14]","[1, 0, 0]",25,"[0, 1, 0, 0, 0, 0]",5.61,1.0,-0.489,81.91,0.09,True,0.8056,169.26
238,"[26, 26, 23, 32]","[1, 0, 0]",25,"[1, 0, 0, 0, 0, 0]",5.59,1.0698,-0.249,78.36,0.0,True,0.8652,171.76
239,"[26, 26, 23, 50]","[1, 0, 0]",25,"[0, 1, 0, 0, 0, 0]",5.98,1.0,-0.02,66.79,0.0,True,0.882,153.0
240,"[26, 26, 23, 15]","[1, 0, 0]",26,"[1, 0, 0, 0, 0, 0]",5.181,1.2439,-0.414,0.0,0.0,True,0.0,0.0
241,"[26, 26, 23, 33]","[1, 0, 0]",26,"[1, 0, 0, 0, 0, 0]",5.3037,1.253,-0.134,0.0,0.0,True,0.0,0.0
242,"[26, 26, 23, 51]","[1, 0, 0]",26,"[0, 1, 0, 0, 0, 0]",5.99,1.0,0.01,66.39,0.034,False,1.8343,316.6
243,"[26, 26, 24, 13]","[1, 0, 0]",25,"[0, 1, 0, 0, 0, 0]",5.6599,1.0,-0.167,95.02,0.162,True,0.9978,204.15
244,"[26, 26, 24, 31]","[1, 0, 0]",25,"[0, 1, 0, 0, 0, 0]",5.68,1.0,-0.033,100.0,0.138,True,1.0013,202.7
245,"[26, 26, 24, 49]","[1, 0, 0]",25,"[1, 0, 0, 0, 0, 0]",5.462,1.3928,0.302,87.34,0.0,False,0.912,149.06
246,"[26, 26, 24, 14]","[1, 0, 0]",26,"[1, 0, 0, 0, 0, 0]",5.4678,1.0659,-0.266,99.38,0.147,True,2.0,425.78
247,"[26, 26, 24, 32]","[1, 0, 0]",26,"[1, 0, 0, 0, 0, 0]",5.62,1.0409,-0.031,100.0,0.28,True,2.0,401.54
248,"[26, 26, 24, 50]","[1, 0, 0]",26,"[0, 1, 0, 0, 0, 0]",5.9688,0.9999,0.186,99.91,0.0,False,2.0011,349.11
249,"[26, 26, 24, 15]","[1, 0, 0]",27,"[1, 0, 0, 0, 0, 0]",5.062,1.3152,-0.245,67.17,0.0,True,1.0625,231.04
250,"[26, 26, 24, 33]","[1, 0, 0]",27,"[1, 0, 0, 0, 0, 0]",5.22,1.3065,0.046,51.19,0.0,False,0.1825,36.43
251,"[26, 26, 24, 51]","[1, 0, 0]",27,"[1, 0, 0, 0, 0, 0]",5.756,1.1068,0.173,99.98,0.228,False,3.0,527.27
252,"[26, 26, 25, 13]","[1, 0, 0]",26,"[0, 1, 0, 0, 0, 0]",5.6711,1.0002,-0.038,0.01,0.0,True,0.0001,0.02
253,"[26, 26, 25, 31]","[1, 0, 0]",26,"[0, 1, 0, 0, 0, 0]",5.6969,1.0001,-0.075,74.25,0.119,True,2.0329,407.84
254,"[26, 26, 25, 49]","[1, 0, 0]",26,"[1, 0, 0, 0, 0, 0]",5.4,1.4278,0.236,30.29,0.0,False,0.2034,33.56
255,"[26, 26, 25, 14]","[1, 0, 0]",27,"[0, 1, 0, 0, 0, 0]",5.5942,0.9951,-0.34,100.0,0.432,True,3.0,638.77
256,"[26, 26, 25, 32]","[1, 0, 0]",27,"[1, 0, 0, 0, 0, 0]",5.7226,0.9839,-0.114,96.99,0.409,True,3.0081,605.16
257,"[26, 26, 25, 50]","[1, 0, 0]",27,"[0, 1, 0, 0, 0, 0]",5.9606,0.9992,0.107,0.23,0.223,False,5.597,981.2
258,"[26, 26, 25, 15]","[1, 0, 0]",28,"[0, 1, 0, 0, 0, 0]",5.55,1.0,-0.321,100.0,0.351,True,4.0,867.98
259,"[26, 26, 25, 33]","[1, 0, 0]",28,"[0, 1, 0, 0, 0, 0]",5.7,1.0,-0.056,94.02,0.371,True,4.006,802.44
260,"[26, 26, 25, 51]","[1, 0, 0]",28,"[0, 1, 0, 0, 0, 0]",5.948,0.9993,0.062,87.28,0.603,False,4.0661,717.31
261,"[26, 26, 26, 13]","[1, 0, 0]",27,"[0, 1, 0, 0, 0, 0]",5.74,1.0,-0.201,54.0,0.0,True,5.9605,1169.16
262,"[26, 26, 26, 31]","[1, 0, 0]",27,"[1, 0, 0, 0, 0, 0]",5.43,1.2118,-0.111,56.93,0.0,True,6.6536,1272.21
263,"[26, 26, 26, 49]","[1, 0, 0]",27,"[1, 0, 0, 0, 0, 0]",5.65,1.2354,0.172,46.73,0.0,False,7.1541,1191.05
264,"[26, 26, 26, 14]","[1, 0, 0]",28,"[0, 1, 0, 0, 0, 0]",5.61,1.0,-0.329,44.51,0.01,True,5.0667,1064.54
265,"[26, 26, 26, 32]","[1, 0, 0]",28,"[0, 1, 0, 0, 0, 0]",5.7155,0.9998,-0.116,48.39,0.0,True,5.2807,1049.36
266,"[26, 26, 26, 50]","[1, 0, 0]",28,"[0, 1, 0, 0, 0, 0]",6.0127,1.0027,0.043,42.85,0.0,False,6.5086,1107.7
267,"[26, 26, 26, 15]","[1, 0, 0]",29,"[0, 1, 0, 0, 0, 0]",5.5524,1.0001,-0.289,48.38,0.0,True,5.0315,1090.32
268,"[26, 26, 26, 33]","[1, 0, 0]",29,"[0, 1, 0, 0, 0, 0]",5.74,1.0,-0.037,0.32,0.005,True,5.764,1130.62
269,"[26, 26, 26, 51]","[1, 0, 0]",29,"[0, 1, 0, 0, 0, 0]",5.987,0.9995,0.058,27.48,0.0,False,6.0872,1052.82
270,"[26, 26, 27, 13]","[1, 0, 0]",28,"[1, 0, 0, 0, 0, 0]",5.056,1.4727,-0.19,64.3,0.0,True,5.8097,1132.27
271,"[26, 26, 27, 31]","[1, 0, 0]",28,"[0, 1, 0, 0, 0, 0]",5.77,1.0,-0.049,79.39,0.0,True,6.0409,1166.54
272,"[26, 26, 27, 49]","[1, 0, 0]",28,"[0, 1, 0, 0, 0, 0]",6.05,1.0,0.244,79.59,0.0,False,6.5959,1104.93
273,"[26, 26, 27, 14]","[1, 0, 0]",29,"[0, 1, 0, 0, 0, 0]",5.59,1.0,-0.226,81.65,0.0,True,4.3846,931.15
274,"[26, 26, 27, 32]","[1, 0, 0]",29,"[1, 0, 0, 0, 0, 0]",5.0578,1.4637,-0.089,54.22,0.0,True,5.5796,1092.94
275,"[26, 26, 27, 50]","[1, 0, 0]",29,"[1, 0, 0, 0, 0, 0]",5.2541,1.4938,0.059,48.36,0.0,False,5.8411,1000.09
276,"[26, 26, 27, 15]","[1, 0, 0]",30,"[1, 0, 0, 0, 0, 0]",5.4186,1.0599,-0.202,47.93,0.0,True,3.7875,833.19
277,"[26, 26, 27, 33]","[1, 0, 0]",30,"[0, 1, 0, 0, 0, 0]",5.72,1.0,0.05,49.0,0.038,False,4.848,960.95
278,"[26, 26, 27, 51]","[1, 0, 0]",30,"[1, 0, 0, 0, 0, 0]",5.9538,1.0104,0.164,65.86,0.0,False,5.2371,911.03
279,"[26, 26, 28, 13]","[1, 0, 0]",29,"[1, 0, 0, 0, 0, 0]",4.9494,1.5606,-0.27,19.72,0.0,True,4.5692,895.85
280,"[26, 26, 28, 31]","[1, 0, 0]",29,"[1, 0, 0, 0, 0, 0]",4.9986,1.5315,-0.167,32.84,0.0,True,4.7697,924.99
281,"[26, 26, 28, 49]","[1, 0, 0]",29,"[1, 0, 0, 0, 0, 0]",5.2056,1.5535,0.096,64.88,0.0,False,5.1293,868.29
282,"[26, 26, 28, 14]","[1, 0, 0]",30,"[1, 0, 0, 0, 0, 0]",4.9287,1.5014,-0.327,2.56,0.0,True,4.6756,964.86
283,"[26, 26, 28, 32]","[1, 0, 0]",30,"[1, 0, 0, 0, 0, 0]",5.0188,1.5075,-0.165,5.79,0.0,True,4.8274,939.74
284,"[26, 26, 28, 50]","[1, 0, 0]",30,"[1, 0, 0, 0, 0, 0]",5.219,1.5298,-0.042,14.2,0.0,True,4.9502,844.38
285,"[26, 26, 28, 15]","[1, 0, 0]",31,"[1, 0, 0, 0, 0, 0]",5.3607,1.1005,-0.236,23.36,0.0,True,3.0197,660.73
286,"[26, 26, 28, 33]","[1, 0, 0]",31,"[1, 0, 0, 0, 0, 0]",5.0354,1.5397,-0.083,4.36,0.0,True,5.5457,1046.53
287,"[26, 26, 28, 51]","[1, 0, 0]",31,"[1, 0, 0, 0, 0, 0]",5.2267,1.54,0.002,30.79,0.0,False,5.3721,906.31
288,"[44, 44, 21, 13]","[1, 0, 0]",22,"[0, 1, 0, 0, 0, 0]",6.2276,0.9991,-0.567,0.0,0.0,True,0.0,0.0
289,"[44, 44, 21, 31]","[1, 0, 0]",22,"[0, 1, 0, 0, 0, 0]",6.24,1.0,-0.435,0.02,0.0,True,0.0002,0.03
290,"[44, 44, 21, 49]","[1, 0, 0]",22,"[0, 1, 0, 0, 0, 0]",6.4522,1.0016,-0.26,0.02,0.0,True,0.0002,0.03
291,"[44, 44, 21, 14]","[1, 0, 0]",23,"[0, 1, 0, 0, 0, 0]",6.13,1.0,-0.666,0.0,0.0,True,0.0,0.0
292,"[44, 44, 21, 32]","[1, 0, 0]",23,"[0, 1, 0, 0, 0, 0]",6.216,0.9997,-0.535,0.0,0.0,True,0.0,0.0
293,"[44, 44, 21, 50]","[1, 0, 0]",23,"[0, 1, 0, 0, 0, 0]",6.4312,0.9997,-0.526,0.03,0.0,True,0.0004,0.06
294,"[44, 44, 21, 15]","[1, 0, 0]",24,"[0, 1, 0, 0, 0, 0]",6.07,1.0,-0.66,0.0,0.0,True,0.0,0.0
295,"[44, 44, 21, 33]","[1, 0, 0]",24,"[0, 1, 0, 0, 0, 0]",6.2,1.0,-0.538,0.01,0.0,True,0.0,0.0
296,"[44, 44, 21, 51]","[1, 0, 0]",24,"[0, 1, 0, 0, 0, 0]",6.39,1.0,-0.605,0.01,0.0,True,0.0,0.0
297,"[44, 44, 22, 13]","[1, 0, 0]",23,"[0, 1, 0, 0, 0, 0]",6.0858,1.0002,-0.765,0.0,0.0,True,0.0,0.0
298,"[44, 44, 22, 31]","[1, 0, 0]",23,"[0, 1, 0, 0, 0, 0]",6.1,1.0,-0.623,0.0,0.0,True,0.0,0.0
299,"[44, 44, 22, 49]","[1, 0, 0]",23,"[0, 1, 0, 0, 0, 0]",6.314,0.9989,-0.347,0.0,0.0,True,0.0001,0.01
300,"[44, 44, 22, 14]","[1, 0, 0]",24,"[0, 1, 0, 0, 0, 0]",5.9958,1.0,-0.896,0.01,0.0,True,0.0,0.0
301,"[44, 44, 22, 32]","[1, 0, 0]",24,"[0, 1, 0, 0, 0, 0]",6.0797,1.0002,-0.708,0.01,0.0,True,0.0,0.0
302,"[44, 44, 22, 50]","[1, 0, 0]",24,"[0, 1, 0, 0, 0, 0]",6.29,1.0,-0.604,0.01,0.0,True,0.0,0.0
303,"[44, 44, 22, 15]","[1, 0, 0]",25,"[1, 0, 0, 0, 0, 0]",5.7232,1.1477,-0.612,0.0,0.0,True,0.0,0.0
304,"[44, 44, 22, 33]","[1, 0, 0]",25,"[1, 0, 0, 0, 0, 0]",5.8325,1.1516,-0.454,0.0,0.0,True,0.0,0.0
305,"[44, 44, 22, 51]","[1, 0, 0]",25,"[1, 0, 0, 0, 0, 0]",6.0283,1.1435,-0.457,0.0,0.0,True,0.0,0.0
306,"[44, 44, 23, 13]","[1, 0, 0]",24,"[0, 1, 0, 0, 0, 0]",5.9945,1.0,-0.628,0.02,0.0,True,0.0,0.0
307,"[44, 44, 23, 31]","[1, 0, 0]",24,"[0, 1, 0, 0, 0, 0]",6.0142,1.0002,-0.458,0.0,0.0,True,0.0,0.0
308,"[44, 44, 23, 49]","[1, 0, 0]",24,"[0, 1, 0, 0, 0, 0]",6.2309,0.9998,-0.115,0.01,0.0,True,0.0,0.0
309,"[44, 44, 23, 14]","[1, 0, 0]",25,"[0, 1, 0, 0, 0, 0]",5.93,1.0,-0.565,85.07,0.01,True,0.9479,168.63
310,"[44, 44, 23, 32]","[1, 0, 0]",25,"[0, 1, 0, 0, 0, 0]",6.0247,1.0005,-0.36,99.0,0.019,True,1.0,169.55
311,"[44, 44, 23, 50]","[1, 0, 0]",25,"[0, 1, 0, 0, 0, 0]",6.24,1.0,-0.191,0.84,0.0,True,0.0036,0.55
312,"[44, 44, 23, 15]","[1, 0, 0]",26,"[1, 0, 0, 0, 0, 0]",5.55,1.218,-0.343,3.35,0.0,True,0.0471,8.39
313,"[44, 44, 23, 33]","[1, 0, 0]",26,"[0, 1, 0, 0, 0, 0]",6.07,1.0,-0.121,96.54,0.0,True,1.928,319.79
314,"[44, 44, 23, 51]","[1, 0, 0]",26,"[1, 0, 0, 0, 0, 0]",5.8518,1.2114,-0.118,0.03,0.0,True,0.0002,0.03
315,"[44, 44, 24, 13]","[1, 0, 0]",25,"[0, 1, 0, 0, 0, 0]",5.9697,0.9999,-0.347,92.21,0.0,True,1.071,186.78
316,"[44, 44, 24, 31]","[1, 0, 0]",25,"[0, 1, 0, 0, 0, 0]",5.9937,1.0002,-0.186,90.72,0.0,True,1.1539,198.74
317,"[44, 44, 24, 49]","[1, 0, 0]",25,"[0, 1, 0, 0, 0, 0]",6.22,1.0,0.157,88.03,0.0,False,1.2682,195.5
318,"[44, 44, 24, 14]","[1, 0, 0]",26,"[0, 1, 0, 0, 0, 0]",5.9221,1.0,-0.413,97.16,0.313,True,2.0034,357.8
319,"[44, 44, 24, 32]","[1, 0, 0]",26,"[0, 1, 0, 0, 0, 0]",6.0108,1.0001,-0.217,86.97,0.148,True,2.0241,345.73
320,"[44, 44, 24, 50]","[1, 0, 0]",26,"[0, 1, 0, 0, 0, 0]",6.24,1.0,-0.079,71.39,0.0,True,2.0577,314.16
321,"[44, 44, 24, 15]","[1, 0, 0]",27,"[0, 1, 0, 0, 0, 0]",5.92,1.0,-0.22,96.92,0.0,True,2.9699,531.01
322,"[44, 44, 24, 33]","[1, 0, 0]",27,"[0, 1, 0, 0, 0, 0]",6.05,1.0,-0.042,95.5,0.0,True,2.9478,493.81
323,"[44, 44, 24, 51]","[1, 0, 0]",27,"[0, 1, 0, 0, 0, 0]",6.2258,1.0087,-0.019,98.62,0.0,True,3.0034,457.73
324,"[44, 44, 25, 13]","[1, 0, 0]",26,"[0, 1, 0, 0, 0, 0]",5.9759,0.9997,-0.399,60.72,0.0,True,2.1106,367.0
325,"[44, 44, 25, 31]","[1, 0, 0]",26,"[0, 1, 0, 0, 0, 0]",5.996,1.0,-0.254,62.9,0.0,True,2.1457,369.26
326,"[44, 44, 25, 49]","[1, 0, 0]",26,"[0, 1, 0, 0, 0, 0]",6.2306,0.9999,0.076,70.11,0.0,False,2.2152,339.79
327,"[44, 44, 25, 14]","[1, 0, 0]",27,"[0, 1, 0, 0, 0, 0]",5.9166,0.9996,-0.465,96.58,0.123,True,3.011,539.5
328,"[44, 44, 25, 32]","[1, 0, 0]",27,"[0, 1, 0, 0, 0, 0]",6.0069,1.0001,-0.264,94.43,0.114,True,3.0349,519.35
329,"[44, 44, 25, 50]","[1, 0, 0]",27,"[0, 1, 0, 0, 0, 0]",6.2356,1.0,-0.134,90.83,0.114,True,3.0859,472.12
330,"[44, 44, 25, 15]","[1, 0, 0]",28,"[0, 1, 0, 0, 0, 0]",5.91,1.0,-0.308,96.13,0.0,True,3.9618,711.96
331,"[44, 44, 25, 33]","[1, 0, 0]",28,"[0, 1, 0, 0, 0, 0]",6.04,1.0,-0.129,92.31,0.0,True,3.9508,665.12
332,"[44, 44, 25, 51]","[1, 0, 0]",28,"[0, 1, 0, 0, 0, 0]",6.24,1.0,-0.126,95.58,0.276,True,4.0241,614.39
333,"[44, 44, 26, 13]","[1, 0, 0]",27,"[0, 1, 0, 0, 0, 0]",5.98,1.0,-0.305,79.09,0.0,True,3.1046,538.55
334,"[44, 44, 26, 31]","[1, 0, 0]",27,"[0, 1, 0, 0, 0, 0]",5.9964,1.0005,-0.149,82.14,0.0,True,3.1606,543.48
335,"[44, 44, 26, 49]","[1, 0, 0]",27,"[0, 1, 0, 0, 0, 0]",6.23,1.0,0.174,79.37,0.0,False,3.2673,501.25
336,"[44, 44, 26, 14]","[1, 0, 0]",28,"[0, 1, 0, 0, 0, 0]",5.91,1.0,-0.362,73.14,0.0,True,3.9022,701.25
337,"[44, 44, 26, 32]","[1, 0, 0]",28,"[0, 1, 0, 0, 0, 0]",6.01,1.0,-0.159,77.06,0.0,True,4.0354,689.59
338,"[44, 44, 26, 50]","[1, 0, 0]",28,"[0, 1, 0, 0, 0, 0]",6.23,1.0,-0.046,66.57,0.0,True,4.147,636.2
339,"[44, 44, 26, 15]","[1, 0, 0]",29,"[0, 1, 0, 0, 0, 0]",5.8963,0.9982,-0.191,70.39,0.0,True,4.1472,751.84
340,"[44, 44, 26, 33]","[1, 0, 0]",29,"[0, 1, 0, 0, 0, 0]",6.02,1.0,-0.01,81.74,0.0,True,4.2502,722.68
341,"[44, 44, 26, 51]","[1, 0, 0]",29,"[0, 1, 0, 0, 0, 0]",6.22,1.0,0.0,71.95,0.0,True,4.388,676.43
342,"[44, 44, 27, 13]","[1, 0, 0]",28,"[0, 1, 0, 0, 0, 0]",5.95,1.0,-0.152,29.38,0.0,True,2.1645,381.18
343,"[44, 44, 27, 31]","[1, 0, 0]",28,"[0, 1, 0, 0, 0, 0]",5.97,1.0,0.002,36.96,0.0,False,1.6152,281.6
344,"[44, 44, 27, 49]","[1, 0, 0]",28,"[0, 1, 0, 0, 0, 0]",6.175,0.9969,0.366,1.93,0.0,False,0.2047,32.35
345,"[44, 44, 27, 14]","[1, 0, 0]",29,"[0, 1, 0, 0, 0, 0]",5.87,1.0,-0.242,27.77,0.0,True,1.9178,351.74
346,"[44, 44, 27, 32]","[1, 0, 0]",29,"[0, 1, 0, 0, 0, 0]",5.96,1.0,-0.032,24.61,0.0,True,1.9867,348.11
347,"[44, 44, 27, 50]","[1, 0, 0]",29,"[0, 1, 0, 0, 0, 0]",6.1683,0.9986,0.118,48.23,0.0,False,3.0292,479.45
348,"[44, 44, 27, 15]","[1, 0, 0]",30,"[0, 1, 0, 0, 0, 0]",5.84,1.0,-0.151,5.88,0.0,True,2.2273,414.83
349,"[44, 44, 27, 33]","[1, 0, 0]",30,"[0, 1, 0, 0, 0, 0]",5.98,1.0,0.05,5.98,0.0,False,2.5327,439.35
350,"[44, 44, 27, 51]","[1, 0, 0]",30,"[0, 1, 0, 0, 0, 0]",6.19,1.0,0.093,57.07,0.0,False,2.8044,438.63
351,"[44, 44, 28, 13]","[1, 0, 0]",29,"[0, 1, 0, 0, 0, 0]",5.94,1.0,-0.185,0.0,0.0,True,0.0,0.0
352,"[44, 44, 28, 31]","[1, 0, 0]",29,"[0, 1, 0, 0, 0, 0]",5.956,1.0002,-0.048,0.0,0.0,True,0.0001,0.02
353,"[44, 44, 28, 49]","[1, 0, 0]",29,"[0, 1, 0, 0, 0, 0]",6.183,1.0025,0.295,1.89,0.0,False,0.4478,70.1
354,"[44, 44, 28, 14]","[1, 0, 0]",30,"[0, 1, 0, 0, 0, 0]",5.8584,0.9999,-0.297,2.65,0.0,True,0.2722,50.22
355,"[44, 44, 28, 32]","[1, 0, 0]",30,"[0, 1, 0, 0, 0, 0]",5.9512,0.9999,-0.089,0.5,0.0,True,0.4651,81.87
356,"[44, 44, 28, 50]","[1, 0, 0]",30,"[0, 1, 0, 0, 0, 0]",6.19,1.0,0.068,34.34,0.0,False,1.798,281.22
357,"[44, 44, 28, 15]","[1, 0, 0]",31,"[0, 1, 0, 0, 0, 0]",5.8253,0.9997,-0.232,0.0,0.0,True,0.0001,0.02
358,"[44, 44, 28, 33]","[1, 0, 0]",31,"[0, 1, 0, 0, 0, 0]",5.96,1.0,-0.017,0.0,0.0,True,0.0008,0.14
359,"[44, 44, 28, 51]","[1, 0, 0]",31,"[0, 1, 0, 0, 0, 0]",6.18,1.0,0.037,33.41,0.0,False,1.6166,254.08
360,"[27, 27, 21, 13]","[1, 0, 0]",24,"[0, 1, 0, 0, 0, 0]",5.97,1.0,-0.51,0.05,0.0,True,0.0001,0.02
361,"[27, 27, 21, 31]","[1, 0, 0]",24,"[0, 1, 0, 0, 0, 0]",5.97,1.0,-0.438,0.03,0.0,True,0.0001,0.02
362,"[27, 27, 21, 49]","[1, 0, 0]",24,"[0, 1, 0, 0, 0, 0]",6.21,1.0,-0.246,0.02,0.0,True,0.0,0.0
363,"[27, 27, 21, 14]","[1, 0, 0]",25,"[0, 1, 0, 0, 0, 0]",5.87,1.0,-0.581,100.0,0.104,True,1.0,183.41
364,"[27, 27, 21, 32]","[1, 0, 0]",25,"[0, 1, 0, 0, 0, 0]",5.9621,0.9999,-0.461,93.33,0.0,True,1.0143,177.56
365,"[27, 27, 21, 50]","[1, 0, 0]",25,"[0, 1, 0, 0, 0, 0]",6.21,1.0,-0.424,87.62,0.0,True,1.0378,160.76
366,"[27, 27, 21, 15]","[1, 0, 0]",26,"[0, 1, 0, 0, 0, 0]",5.8344,0.9996,-0.552,67.39,0.465,True,2.0,373.72
367,"[27, 27, 21, 33]","[1, 0, 0]",26,"[0, 1, 0, 0, 0, 0]",5.99,1.0,-0.408,87.34,0.147,True,1.997,344.69
368,"[27, 27, 21, 51]","[1, 0, 0]",26,"[0, 1, 0, 0, 0, 0]",6.22,1.0,-0.414,100.0,0.295,True,2.0,308.31
369,"[27, 27, 22, 13]","[1, 0, 0]",25,"[0, 1, 0, 0, 0, 0]",5.83,1.0,-0.621,60.07,0.267,True,1.0,187.21
370,"[27, 27, 22, 31]","[1, 0, 0]",25,"[0, 1, 0, 0, 0, 0]",5.83,1.0,-0.525,91.02,0.0,True,1.0005,187.3
371,"[27, 27, 22, 49]","[1, 0, 0]",25,"[0, 1, 0, 0, 0, 0]",6.07,1.0,-0.251,88.37,0.0,True,1.0284,170.58
372,"[27, 27, 22, 14]","[1, 0, 0]",26,"[0, 1, 0, 0, 0, 0]",5.75,1.0,-0.669,7.5,0.528,True,2.0,390.26
373,"[27, 27, 22, 32]","[1, 0, 0]",26,"[0, 1, 0, 0, 0, 0]",5.8394,1.0006,-0.505,14.8,0.332,True,2.0,372.37
374,"[27, 27, 22, 50]","[1, 0, 0]",26,"[0, 1, 0, 0, 0, 0]",6.09,1.0,-0.397,100.0,0.243,True,2.0,328.48
375,"[27, 27, 22, 15]","[1, 0, 0]",27,"[1, 0, 0, 0, 0, 0]",5.22,1.2989,-0.614,22.88,0.0,True,0.9248,185.7
376,"[27, 27, 22, 33]","[1, 0, 0]",27,"[1, 0, 0, 0, 0, 0]",5.38,1.277,-0.408,67.19,0.0,True,0.9743,181.76
377,"[27, 27, 22, 51]","[1, 0, 0]",27,"[1, 0, 0, 0, 0, 0]",5.78,1.1574,-0.322,7.78,0.0,True,1.2418,206.11
378,"[27, 27, 23, 13]","[1, 0, 0]",26,"[0, 1, 0, 0, 0, 0]",5.74,1.0,-0.412,94.88,0.309,True,1.9985,392.01
379,"[27, 27, 23, 31]","[1, 0, 0]",26,"[0, 1, 0, 0, 0, 0]",5.7561,1.0,-0.296,100.0,0.161,True,2.0,389.03
380,"[27, 27, 23, 49]","[1, 0, 0]",26,"[0, 1, 0, 0, 0, 0]",6.0,1.0,0.017,94.62,0.085,False,2.0031,344.01
381,"[27, 27, 23, 14]","[1, 0, 0]",27,"[1, 0, 0, 0, 0, 0]",5.21,1.2687,-0.448,51.51,0.0,True,0.9313,192.55
382,"[27, 27, 23, 32]","[1, 0, 0]",27,"[1, 0, 0, 0, 0, 0]",5.2646,1.2922,-0.263,13.5,0.0,True,0.923,181.6
383,"[27, 27, 23, 50]","[1, 0, 0]",27,"[0, 1, 0, 0, 0, 0]",6.02,1.0,-0.092,70.08,0.256,True,3.0,510.1
384,"[27, 27, 23, 15]","[1, 0, 0]",28,"[1, 0, 0, 0, 0, 0]",4.9881,1.4113,-0.423,0.0,0.0,True,0.0001,0.02
385,"[27, 27, 23, 33]","[1, 0, 0]",28,"[1, 0, 0, 0, 0, 0]",5.1288,1.4031,-0.169,0.03,0.0,True,0.0002,0.04
386,"[27, 27, 23, 51]","[1, 0, 0]",28,"[0, 1, 0, 0, 0, 0]",6.02,1.0,0.001,9.32,0.38,False,3.6913,627.65
387,"[27, 27, 24, 13]","[1, 0, 0]",27,"[0, 1, 0, 0, 0, 0]",5.704,1.0001,-0.233,100.0,0.441,True,3.0,599.57
388,"[27, 27, 24, 31]","[1, 0, 0]",27,"[0, 1, 0, 0, 0, 0]",5.7241,0.9986,-0.105,94.22,0.138,True,3.0259,599.32
389,"[27, 27, 24, 49]","[1, 0, 0]",27,"[0, 1, 0, 0, 0, 0]",5.98,1.0,0.207,88.65,0.0,False,3.165,549.03
390,"[27, 27, 24, 14]","[1, 0, 0]",28,"[0, 1, 0, 0, 0, 0]",5.6335,0.9995,-0.31,100.0,0.565,True,4.0,830.36
391,"[27, 27, 24, 32]","[1, 0, 0]",28,"[0, 1, 0, 0, 0, 0]",5.74,1.0,-0.111,100.0,0.29,True,4.0,784.61
392,"[27, 27, 24, 50]","[1, 0, 0]",28,"[0, 1, 0, 0, 0, 0]",5.99,1.0,0.016,91.25,0.118,False,4.019,693.69
393,"[27, 27, 24, 15]","[1, 0, 0]",29,"[1, 0, 0, 0, 0, 0]",4.95,1.4121,-0.268,29.41,0.0,True,1.2939,280.25
394,"[27, 27, 24, 33]","[1, 0, 0]",29,"[1, 0, 0, 0, 0, 0]",5.1204,1.389,-0.015,14.29,0.0,True,1.3838,275.29
395,"[27, 27, 24, 51]","[1, 0, 0]",29,"[0, 1, 0, 0, 0, 0]",6.0086,1.0001,0.051,100.0,0.271,False,5.0,854.89
396,"[27, 27, 25, 13]","[1, 0, 0]",28,"[0, 1, 0, 0, 0, 0]",5.7,1.0,-0.356,59.7,0.418,True,4.0235,805.95
397,"[27, 27, 25, 31]","[1, 0, 0]",28,"[0, 1, 0, 0, 0, 0]",5.7183,1.0002,-0.228,72.89,0.109,True,4.0987,813.01
398,"[27, 27, 25, 49]","[1, 0, 0]",28,"[0, 1, 0, 0, 0, 0]",5.9839,0.9998,0.069,2.06,0.0,False,4.4315,767.41
399,"[27, 27, 25, 14]","[1, 0, 0]",29,"[0, 1, 0, 0, 0, 0]",5.6301,0.9997,-0.441,100.0,0.571,True,5.0,1039.59
400,"[27, 27, 25, 32]","[1, 0, 0]",29,"[0, 1, 0, 0, 0, 0]",5.7347,1.0002,-0.248,99.46,0.323,True,5.0,983.33
401,"[27, 27, 25, 50]","[1, 0, 0]",29,"[0, 1, 0, 0, 0, 0]",5.99,1.0,-0.131,76.76,0.175,True,5.0283,867.9
402,"[27, 27, 25, 15]","[1, 0, 0]",30,"[0, 1, 0, 0, 0, 0]",5.6382,0.9995,-0.314,100.0,0.637,True,5.9999,1242.43
403,"[27, 27, 25, 33]","[1, 0, 0]",30,"[0, 1, 0, 0, 0, 0]",5.7963,0.9988,-0.126,95.58,0.162,True,5.9966,1143.66
404,"[27, 27, 25, 51]","[1, 0, 0]",30,"[0, 1, 0, 0, 0, 0]",6.018,1.0011,-0.087,100.0,0.395,True,6.0,1020.09
405,"[27, 27, 26, 13]","[1, 0, 0]",29,"[0, 1, 0, 0, 0, 0]",5.7,1.0,-0.359,74.69,0.009,True,4.991,999.75
406,"[27, 27, 26, 31]","[1, 0, 0]",29,"[0, 1, 0, 0, 0, 0]",5.72,1.0,-0.231,74.39,0.0,True,5.0109,993.24
407,"[27, 27, 26, 49]","[1, 0, 0]",29,"[0, 1, 0, 0, 0, 0]",5.98,1.0,0.065,31.78,0.028,False,5.1132,886.99
408,"[27, 27, 26, 14]","[1, 0, 0]",30,"[0, 1, 0, 0, 0, 0]",5.628,0.9992,-0.354,72.34,0.052,True,5.48,1141.24
409,"[27, 27, 26, 32]","[1, 0, 0]",30,"[0, 1, 0, 0, 0, 0]",5.74,1.0,-0.163,67.99,0.043,True,5.6579,1109.8
410,"[27, 27, 26, 50]","[1, 0, 0]",30,"[0, 1, 0, 0, 0, 0]",5.9935,1.0033,-0.039,68.56,0.096,True,5.7037,979.57
411,"[27, 27, 26, 15]","[1, 0, 0]",31,"[1, 0, 0, 0, 0, 0]",5.1947,1.2352,-0.247,6.49,0.0,True,4.6553,997.36
412,"[27, 27, 26, 33]","[1, 0, 0]",31,"[1, 0, 0, 0, 0, 0]",5.38,1.2193,-0.038,11.48,0.0,True,5.0427,985.19
413,"[27, 27, 26, 51]","[1, 0, 0]",31,"[1, 0, 0, 0, 0, 0]",5.63,1.1918,0.029,14.9,0.0,False,4.8951,853.79
414,"[27, 27, 27, 13]","[1, 0, 0]",30,"[0, 1, 0, 0, 0, 0]",5.68,1.0,-0.22,67.49,0.0,True,4.0336,816.54
415,"[27, 27, 27, 31]","[1, 0, 0]",30,"[0, 1, 0, 0, 0, 0]",5.7,1.0,-0.09,69.43,0.0,True,4.0989,821.05
416,"[27, 27, 27, 49]","[1, 0, 0]",30,"[0, 1, 0, 0, 0, 0]",5.97,1.0,0.209,74.43,0.0,False,4.3081,751.09
417,"[27, 27, 27, 14]","[1, 0, 0]",31,"[1, 0, 0, 0, 0, 0]",5.07,1.3156,-0.285,62.54,0.0,True,2.8601,618.82
418,"[27, 27, 27, 32]","[1, 0, 0]",31,"[0, 1, 0, 0, 0, 0]",5.7,1.0,-0.056,63.59,0.01,True,3.9626,793.75
419,"[27, 27, 27, 50]","[1, 0, 0]",31,"[0, 1, 0, 0, 0, 0]",5.9636,0.994,0.079,69.03,0.0,False,3.9941,702.78
420,"[27, 27, 27, 15]","[1, 0, 0]",32,"[1, 0, 0, 0, 0, 0]",4.95,1.3717,-0.239,35.09,0.0,True,2.3689,528.19
421,"[27, 27, 27, 33]","[1, 0, 0]",32,"[1, 0, 0, 0, 0, 0]",5.09,1.3733,-0.008,28.67,0.0,True,2.623,537.29
422,"[27, 27, 27, 51]","[1, 0, 0]",32,"[1, 0, 0, 0, 0, 0]",5.33,1.349,0.065,51.48,0.0,False,2.5396,461.22
423,"[27, 27, 28, 13]","[1, 0, 0]",31,"[1, 0, 0, 0, 0, 0]",5.042,1.4259,-0.249,72.15,0.0,True,2.8742,583.37
424,"[27, 27, 28, 31]","[1, 0, 0]",31,"[1, 0, 0, 0, 0, 0]",5.0864,1.4034,-0.132,71.81,0.0,True,2.9236,587.29
425,"[27, 27, 28, 49]","[1, 0, 0]",31,"[1, 0, 0, 0, 0, 0]",5.2768,1.4358,0.138,75.21,0.0,False,3.1205,548.73
426,"[27, 27, 28, 14]","[1, 0, 0]",32,"[1, 0, 0, 0, 0, 0]",5.1124,1.2842,-0.313,51.5,0.0,True,1.966,424.99
427,"[27, 27, 28, 32]","[1, 0, 0]",32,"[1, 0, 0, 0, 0, 0]",5.1942,1.2979,-0.125,51.51,0.0,True,2.106,429.55
428,"[27, 27, 28, 50]","[1, 0, 0]",32,"[1, 0, 0, 0, 0, 0]",5.3867,1.3281,0.003,54.29,0.0,False,2.266,404.94
429,"[27, 27, 28, 15]","[1, 0, 0]",33,"[1, 0, 0, 0, 0, 0]",5.0729,1.274,-0.253,67.99,0.0,True,1.316,293.51
430,"[27, 27, 28, 33]","[1, 0, 0]",33,"[1, 0, 0, 0, 0, 0]",5.2064,1.2837,-0.036,69.92,0.0,True,1.4897,305.05
431,"[27, 27, 28, 51]","[1, 0, 0]",33,"[1, 0, 0, 0, 0, 0]",5.4176,1.2808,0.016,68.98,0.0,False,1.2362,225.17
432,"[45, 45, 21, 13]","[1, 0, 0]",24,"[0, 1, 0, 0, 0, 0]",6.24,1.0,-1.098,0.0,0.0,True,0.0,0.0
433,"[45, 45, 21, 31]","[1, 0, 0]",24,"[0, 1, 0, 0, 0, 0]",6.25,1.0,-0.982,0.0,0.0,True,0.0,0.0
434,"[45, 45, 21, 49]","[1, 0, 0]",24,"[0, 1, 0, 0, 0, 0]",6.454,0.9994,-0.848,0.0,0.0,True,0.0,0.0
435,"[45, 45, 21, 14]","[1, 0, 0]",25,"[1, 0, 0, 0, 0, 0]",5.91,1.1387,-0.964,0.0,0.0,True,0.0,0.0
436,"[45, 45, 21, 32]","[1, 0, 0]",25,"[1, 0, 0, 0, 0, 0]",5.96,1.1577,-0.885,0.0,0.0,True,0.0,0.0
437,"[45, 45, 21, 50]","[1, 0, 0]",25,"[1, 0, 0, 0, 0, 0]",6.1842,1.1374,-0.928,0.0,0.0,True,0.0,0.0
438,"[45, 45, 21, 15]","[1, 0, 0]",26,"[1, 0, 0, 0, 0, 0]",5.63,1.3126,-0.844,0.0,0.0,True,0.0,0.0
439,"[45, 45, 21, 33]","[1, 0, 0]",26,"[1, 0, 0, 0, 0, 0]",5.75,1.3043,-0.772,0.0,0.0,True,0.0,0.0
440,"[45, 45, 21, 51]","[1, 0, 0]",26,"[1, 0, 0, 0, 0, 0]",6.02,1.2342,-0.826,0.0,0.0,True,0.0,0.0
441,"[45, 45, 22, 13]","[1, 0, 0]",25,"[1, 0, 0, 0, 0, 0]",5.8845,1.1227,-1.01,0.0,0.0,True,0.0,0.0
442,"[45, 45, 22, 31]","[1, 0, 0]",25,"[1, 0, 0, 0, 0, 0]",5.8319,1.1589,-0.887,0.0,0.0,True,0.0,0.0
443,"[45, 45, 22, 49]","[1, 0, 0]",25,"[1, 0, 0, 0, 0, 0]",6.03,1.1559,-0.686,0.0,0.0,True,0.0,0.0
444,"[45, 45, 22, 14]","[1, 0, 0]",26,"[1, 0, 0, 0, 0, 0]",5.6,1.2643,-0.9,0.01,0.0,True,0.0,0.0
445,"[45, 45, 22, 32]","[1, 0, 0]",26,"[1, 0, 0, 0, 0, 0]",5.6423,1.283,-0.792,0.0,0.0,True,0.0,0.0
446,"[45, 45, 22, 50]","[1, 0, 0]",26,"[1, 0, 0, 0, 0, 0]",5.88,1.25,-0.762,0.39,0.0,True,0.0022,0.32
447,"[45, 45, 22, 15]","[1, 0, 0]",27,"[1, 0, 0, 0, 0, 0]",5.4054,1.3963,-0.787,0.0,0.0,True,0.0,0.0
448,"[45, 45, 22, 33]","[1, 0, 0]",27,"[1, 0, 0, 0, 0, 0]",5.5119,1.3919,-0.669,0.0,0.0,True,0.0,0.0
449,"[45, 45, 22, 51]","[1, 0, 0]",27,"[1, 0, 0, 0, 0, 0]",5.7482,1.339,-0.659,0.0,0.0,True,0.0,0.0
450,"[45, 45, 23, 13]","[1, 0, 0]",26,"[1, 0, 0, 0, 0, 0]",5.68,1.206,-0.679,0.0,0.0,True,0.0,0.0
451,"[45, 45, 23, 31]","[1, 0, 0]",26,"[1, 0, 0, 0, 0, 0]",5.62,1.2509,-0.553,59.48,0.0,True,0.3366,56.24
452,"[45, 45, 23, 49]","[1, 0, 0]",26,"[1, 0, 0, 0, 0, 0]",5.82,1.2457,-0.323,61.1,0.0,True,0.6293,95.06
453,"[45, 45, 23, 14]","[1, 0, 0]",27,"[1, 0, 0, 0, 0, 0]",5.5053,1.2839,-0.617,77.76,0.0,True,1.1145,192.98
454,"[45, 45, 23, 32]","[1, 0, 0]",27,"[1, 0, 0, 0, 0, 0]",5.56,1.2986,-0.483,78.58,0.0,True,1.1332,188.34
455,"[45, 45, 23, 50]","[1, 0, 0]",27,"[1, 0, 0, 0, 0, 0]",5.78,1.2785,-0.44,78.74,0.0,True,1.2745,191.5
456,"[45, 45, 23, 15]","[1, 0, 0]",28,"[1, 0, 0, 0, 0, 0]",5.3213,1.4037,-0.493,37.95,0.0,True,1.0604,185.97
457,"[45, 45, 23, 33]","[1, 0, 0]",28,"[1, 0, 0, 0, 0, 0]",5.46,1.3864,-0.361,12.98,0.0,True,1.2197,200.49
458,"[45, 45, 23, 51]","[1, 0, 0]",28,"[1, 0, 0, 0, 0, 0]",5.69,1.3427,-0.323,0.01,0.0,True,0.0,0.0
459,"[45, 45, 24, 13]","[1, 0, 0]",27,"[0, 1, 0, 0, 0, 0]",6.0464,0.9982,-0.542,93.96,0.0,True,3.014,506.68
460,"[45, 45, 24, 31]","[1, 0, 0]",27,"[0, 1, 0, 0, 0, 0]",6.0572,1.003,-0.394,91.35,0.0,True,3.0382,505.62
461,"[45, 45, 24, 49]","[1, 0, 0]",27,"[0, 1, 0, 0, 0, 0]",6.29,1.0,-0.187,87.73,0.0,True,3.129,466.42
462,"[45, 45, 24, 14]","[1, 0, 0]",28,"[1, 0, 0, 0, 0, 0]",5.5,1.2727,-0.486,30.46,0.0,True,2.2108,387.31
463,"[45, 45, 24, 32]","[1, 0, 0]",28,"[1, 0, 0, 0, 0, 0]",5.57,1.2801,-0.35,36.79,0.0,True,2.256,378.33
464,"[45, 45, 24, 50]","[1, 0, 0]",28,"[1, 0, 0, 0, 0, 0]",5.84,1.2397,-0.322,71.96,0.0,True,2.7315,410.36
465,"[45, 45, 24, 15]","[1, 0, 0]",29,"[1, 0, 0, 0, 0, 0]",5.38,1.3513,-0.31,29.31,0.0,True,1.989,350.64
466,"[45, 45, 24, 33]","[1, 0, 0]",29,"[1, 0, 0, 0, 0, 0]",5.54,1.3249,-0.185,49.41,0.0,True,2.5823,425.22
467,"[45, 45, 24, 51]","[1, 0, 0]",29,"[1, 0, 0, 0, 0, 0]",5.69,1.3427,-0.231,89.89,0.0,True,2.984,447.52
468,"[45, 45, 25, 13]","[1, 0, 0]",28,"[0, 1, 0, 0, 0, 0]",6.04,1.0,-0.693,85.0,0.0,True,4.0755,686.12
469,"[45, 45, 25, 31]","[1, 0, 0]",28,"[0, 1, 0, 0, 0, 0]",6.06,1.0,-0.537,81.46,0.0,True,4.1263,687.81
470,"[45, 45, 25, 49]","[1, 0, 0]",28,"[0, 1, 0, 0, 0, 0]",6.2917,1.0003,-0.343,57.36,0.0,True,4.3626,649.57
471,"[45, 45, 25, 14]","[1, 0, 0]",29,"[0, 1, 0, 0, 0, 0]",5.99,1.0,-0.59,22.29,0.0,True,4.6918,809.82
472,"[45, 45, 25, 32]","[1, 0, 0]",29,"[1, 0, 0, 0, 0, 0]",5.9,1.0949,-0.453,7.25,0.0,True,4.3881,723.88
473,"[45, 45, 25, 50]","[1, 0, 0]",29,"[0, 1, 0, 0, 0, 0]",6.3,1.0,-0.468,24.5,0.0,True,4.7673,707.26
474,"[45, 45, 25, 15]","[1, 0, 0]",30,"[1, 0, 0, 0, 0, 0]",5.59,1.2254,-0.383,34.89,0.0,True,4.0753,706.27
475,"[45, 45, 25, 33]","[1, 0, 0]",30,"[1, 0, 0, 0, 0, 0]",5.7278,1.2154,-0.288,21.95,0.0,True,4.2482,690.02
476,"[45, 45, 25, 51]","[1, 0, 0]",30,"[0, 1, 0, 0, 0, 0]",6.32,1.0,-0.325,65.38,0.0,True,4.7785,702.21
477,"[45, 45, 26, 13]","[1, 0, 0]",29,"[0, 1, 0, 0, 0, 0]",6.02,1.0,-0.605,89.21,0.033,True,4.2859,728.75
478,"[45, 45, 26, 31]","[1, 0, 0]",29,"[0, 1, 0, 0, 0, 0]",6.04,1.0,-0.44,90.89,0.0,True,4.2503,715.54
479,"[45, 45, 26, 49]","[1, 0, 0]",29,"[0, 1, 0, 0, 0, 0]",6.27,1.0,-0.231,88.75,0.0,True,4.2259,635.98
480,"[45, 45, 26, 14]","[1, 0, 0]",30,"[1, 0, 0, 0, 0, 0]",5.6362,1.1785,-0.483,48.15,0.0,True,3.8427,675.54
481,"[45, 45, 26, 32]","[1, 0, 0]",30,"[0, 1, 0, 0, 0, 0]",6.05,1.0,-0.293,79.24,0.1,True,3.5169,589.14
482,"[45, 45, 26, 50]","[1, 0, 0]",30,"[1, 0, 0, 0, 0, 0]",5.8812,1.2045,-0.337,53.23,0.0,True,3.9303,595.03
483,"[45, 45, 26, 15]","[1, 0, 0]",31,"[1, 0, 0, 0, 0, 0]",5.48,1.2737,-0.271,43.22,0.0,True,3.4132,604.05
484,"[45, 45, 26, 33]","[1, 0, 0]",31,"[1, 0, 0, 0, 0, 0]",5.59,1.2844,-0.165,60.12,0.0,True,3.6887,609.89
485,"[45, 45, 26, 51]","[1, 0, 0]",31,"[1, 0, 0, 0, 0, 0]",5.74,1.284,-0.238,33.22,0.0,True,3.3922,518.22
486,"[45, 45, 27, 13]","[1, 0, 0]",30,"[0, 1, 0, 0, 0, 0]",5.98,1.0,-0.47,88.07,0.0,True,3.0222,524.26
487,"[45, 45, 27, 31]","[1, 0, 0]",30,"[0, 1, 0, 0, 0, 0]",6.0,1.0,-0.305,89.02,0.0,True,2.9963,514.59
488,"[45, 45, 27, 49]","[1, 0, 0]",30,"[0, 1, 0, 0, 0, 0]",6.23,1.0,-0.078,90.25,0.0,True,2.9963,459.67
489,"[45, 45, 27, 14]","[1, 0, 0]",31,"[1, 0, 0, 0, 0, 0]",5.54,1.2094,-0.408,57.19,0.0,True,2.2321,402.67
490,"[45, 45, 27, 32]","[1, 0, 0]",31,"[1, 0, 0, 0, 0, 0]",5.6027,1.2236,-0.255,57.84,0.0,True,2.255,388.72
491,"[45, 45, 27, 50]","[1, 0, 0]",31,"[1, 0, 0, 0, 0, 0]",5.6517,1.3041,-0.235,54.27,0.0,True,2.1901,345.09
492,"[45, 45, 27, 15]","[1, 0, 0]",32,"[1, 0, 0, 0, 0, 0]",5.44,1.2647,-0.244,11.35,0.0,True,2.0423,372.1
493,"[45, 45, 27, 33]","[1, 0, 0]",32,"[1, 0, 0, 0, 0, 0]",5.55,1.2739,-0.126,5.58,0.0,True,2.1318,363.14
494,"[45, 45, 27, 51]","[1, 0, 0]",32,"[1, 0, 0, 0, 0, 0]",5.69,1.29,-0.202,14.36,0.0,True,2.0536,320.57
495,"[45, 45, 28, 13]","[1, 0, 0]",31,"[0, 1, 0, 0, 0, 0]",5.97,1.0,-0.507,68.55,0.0,True,1.8182,316.99
496,"[45, 45, 28, 31]","[1, 0, 0]",31,"[0, 1, 0, 0, 0, 0]",5.99,1.0,-0.35,79.65,0.0,True,1.8169,313.6
497,"[45, 45, 28, 49]","[1, 0, 0]",31,"[1, 0, 0, 0, 0, 0]",5.74,1.2683,-0.129,44.6,0.0,True,1.4926,230.84
498,"[45, 45, 28, 14]","[1, 0, 0]",32,"[0, 1, 0, 0, 0, 0]",5.89,1.0,-0.476,76.67,0.0,True,1.0025,182.0
499,"[45, 45, 28, 32]","[1, 0, 0]",32,"[0, 1, 0, 0, 0, 0]",5.98,1.0,-0.314,81.8,0.0,True,1.0053,174.39
500,"[45, 45, 28, 50]","[1, 0, 0]",32,"[0, 1, 0, 0, 0, 0]",6.21,1.0,-0.289,83.44,0.0,True,1.0021,155.23
501,"[45, 45, 28, 15]","[1, 0, 0]",33,"[1, 0, 0, 0, 0, 0]",5.58,1.1667,-0.302,47.07,0.0,True,0.5346,97.84
502,"[45, 45, 28, 33]","[1, 0, 0]",33,"[1, 0, 0, 0, 0, 0]",5.68,1.1813,-0.18,63.21,0.0,True,0.5882,100.79
503,"[45, 45, 28, 51]","[1, 0, 0]",33,"[1, 0, 0, 0, 0, 0]",5.77,1.2322,-0.266,38.14,0.0,True,0.387,60.65
504,"[28, 28, 21, 13]","[1, 0, 0]",26,"[0, 1, 0, 0, 0, 0]",6.07,1.0,-0.639,0.0,0.0,True,0.0,0.0
505,"[28, 28, 21, 31]","[1, 0, 0]",26,"[0, 1, 0, 0, 0, 0]",6.06,1.0,-0.582,0.0,0.0,True,0.0,0.0
506,"[28, 28, 21, 49]","[1, 0, 0]",26,"[0, 1, 0, 0, 0, 0]",6.29,1.0,-0.466,0.0,0.0,True,0.0,0.0
507,"[28, 28, 21, 14]","[1, 0, 0]",27,"[0, 1, 0, 0, 0, 0]",5.9449,1.0004,-0.65,0.0,0.0,True,0.0,0.0
508,"[28, 28, 21, 32]","[1, 0, 0]",27,"[0, 1, 0, 0, 0, 0]",6.029,1.0038,-0.577,0.0,0.0,True,0.0,0.0
509,"[28, 28, 21, 50]","[1, 0, 0]",27,"[0, 1, 0, 0, 0, 0]",6.27,1.0,-0.594,0.0,0.0,True,0.0,0.0
510,"[28, 28, 21, 15]","[1, 0, 0]",28,"[1, 0, 0, 0, 0, 0]",5.4217,1.3115,-0.652,0.0,0.0,True,0.0,0.0
511,"[28, 28, 21, 33]","[1, 0, 0]",28,"[1, 0, 0, 0, 0, 0]",5.64,1.2482,-0.539,0.0,0.0,True,0.0,0.0
512,"[28, 28, 21, 51]","[1, 0, 0]",28,"[0, 1, 0, 0, 0, 0]",6.2648,0.9992,-0.556,0.0,0.0,True,0.0,0.0
513,"[28, 28, 22, 13]","[1, 0, 0]",27,"[0, 1, 0, 0, 0, 0]",5.8913,1.0019,-0.633,0.0,0.0,True,0.0,0.0
514,"[28, 28, 22, 31]","[1, 0, 0]",27,"[0, 1, 0, 0, 0, 0]",5.8876,1.0019,-0.553,0.0,0.0,True,0.0,0.0
515,"[28, 28, 22, 49]","[1, 0, 0]",27,"[0, 1, 0, 0, 0, 0]",6.13,1.0,-0.359,0.0,0.0,True,0.0,0.0
516,"[28, 28, 22, 14]","[1, 0, 0]",28,"[0, 1, 0, 0, 0, 0]",5.79,1.0,-0.639,0.0,0.0,True,0.0,0.0
517,"[28, 28, 22, 32]","[1, 0, 0]",28,"[1, 0, 0, 0, 0, 0]",5.7,1.1018,-0.517,0.01,0.0,True,0.0,0.0
518,"[28, 28, 22, 50]","[1, 0, 0]",28,"[0, 1, 0, 0, 0, 0]",6.1136,1.0039,-0.473,0.0,0.0,True,0.0,0.0
519,"[28, 28, 22, 15]","[1, 0, 0]",29,"[1, 0, 0, 0, 0, 0]",5.0499,1.5157,-0.617,0.0,0.0,True,0.0,0.0
520,"[28, 28, 22, 33]","[1, 0, 0]",29,"[1, 0, 0, 0, 0, 0]",5.2131,1.479,-0.444,0.0,0.0,True,0.0,0.0
521,"[28, 28, 22, 51]","[1, 0, 0]",29,"[0, 1, 0, 0, 0, 0]",6.13,1.0,-0.373,0.0,0.0,True,0.0,0.0
522,"[28, 28, 23, 13]","[1, 0, 0]",28,"[0, 1, 0, 0, 0, 0]",5.8,1.0,-0.389,0.0,0.0,True,0.0,0.0
523,"[28, 28, 23, 31]","[1, 0, 0]",28,"[0, 1, 0, 0, 0, 0]",5.8,1.0,-0.287,0.0,0.0,True,0.0,0.0
524,"[28, 28, 23, 49]","[1, 0, 0]",28,"[0, 1, 0, 0, 0, 0]",6.0349,1.0016,-0.055,0.0,0.0,True,0.0,0.0
525,"[28, 28, 23, 14]","[1, 0, 0]",29,"[1, 0, 0, 0, 0, 0]",5.3178,1.2359,-0.372,22.22,0.0,True,0.2666,53.21
526,"[28, 28, 23, 32]","[1, 0, 0]",29,"[1, 0, 0, 0, 0, 0]",5.29,1.327,-0.23,84.42,0.0,True,0.9729,183.72
527,"[28, 28, 23, 50]","[1, 0, 0]",29,"[0, 1, 0, 0, 0, 0]",6.05,1.0,-0.143,64.62,0.0,True,0.8256,138.3
528,"[28, 28, 23, 15]","[1, 0, 0]",30,"[1, 0, 0, 0, 0, 0]",4.91,1.5519,-0.365,0.0,0.0,True,0.0001,0.02
529,"[28, 28, 23, 33]","[1, 0, 0]",30,"[1, 0, 0, 0, 0, 0]",5.0985,1.4979,-0.161,40.43,0.0,True,1.1153,208.4
530,"[28, 28, 23, 51]","[1, 0, 0]",30,"[1, 0, 0, 0, 0, 0]",5.7,1.2088,-0.076,40.57,0.0,True,1.7254,285.92
531,"[28, 28, 24, 13]","[1, 0, 0]",29,"[0, 1, 0, 0, 0, 0]",5.8,1.0,-0.271,2.89,0.023,True,3.2235,612.87
532,"[28, 28, 24, 31]","[1, 0, 0]",29,"[1, 0, 0, 0, 0, 0]",5.35,1.2729,-0.168,57.32,0.0,True,3.0618,582.71
533,"[28, 28, 24, 49]","[1, 0, 0]",29,"[0, 1, 0, 0, 0, 0]",6.0576,1.0072,0.039,24.99,0.0,False,3.5757,592.51
534,"[28, 28, 24, 14]","[1, 0, 0]",30,"[1, 0, 0, 0, 0, 0]",5.35,1.2093,-0.252,9.55,0.0,True,2.785,557.88
535,"[28, 28, 24, 32]","[1, 0, 0]",30,"[1, 0, 0, 0, 0, 0]",5.45,1.211,-0.111,10.61,0.0,True,2.988,565.42
536,"[28, 28, 24, 50]","[1, 0, 0]",30,"[0, 1, 0, 0, 0, 0]",6.0582,1.0045,-0.079,22.04,0.0,True,3.4658,575.62
537,"[28, 28, 24, 15]","[1, 0, 0]",31,"[1, 0, 0, 0, 0, 0]",5.01,1.4511,-0.207,63.89,0.0,True,2.7689,562.89
538,"[28, 28, 24, 33]","[1, 0, 0]",31,"[1, 0, 0, 0, 0, 0]",5.2,1.4135,-0.031,71.83,0.0,True,3.0505,569.38
539,"[28, 28, 24, 51]","[1, 0, 0]",31,"[0, 1, 0, 0, 0, 0]",6.07,1.0,-0.017,24.51,0.0,True,3.4429,571.06
540,"[28, 28, 25, 13]","[1, 0, 0]",30,"[0, 1, 0, 0, 0, 0]",5.7803,1.0073,-0.411,27.04,0.0,True,4.0646,775.08
541,"[28, 28, 25, 31]","[1, 0, 0]",30,"[0, 1, 0, 0, 0, 0]",5.8,1.0052,-0.298,26.15,0.0,True,4.0599,767.92
542,"[28, 28, 25, 49]","[1, 0, 0]",30,"[0, 1, 0, 0, 0, 0]",6.07,1.0,-0.108,30.31,0.0,True,4.2086,698.07
543,"[28, 28, 25, 14]","[1, 0, 0]",31,"[0, 1, 0, 0, 0, 0]",5.7,1.0,-0.374,35.26,0.0,True,3.8367,768.53
544,"[28, 28, 25, 32]","[1, 0, 0]",31,"[0, 1, 0, 0, 0, 0]",5.81,1.0,-0.238,18.73,0.0,True,3.9532,747.73
545,"[28, 28, 25, 50]","[1, 0, 0]",31,"[0, 1, 0, 0, 0, 0]",6.065,0.9986,-0.21,18.59,0.0,True,4.079,679.19
546,"[28, 28, 25, 15]","[1, 0, 0]",32,"[1, 0, 0, 0, 0, 0]",5.05,1.4238,-0.307,3.14,0.0,True,4.0858,826.59
547,"[28, 28, 25, 33]","[1, 0, 0]",32,"[1, 0, 0, 0, 0, 0]",5.26,1.3726,-0.151,12.84,0.0,True,4.1546,771.52
548,"[28, 28, 25, 51]","[1, 0, 0]",32,"[1, 0, 0, 0, 0, 0]",5.9494,1.0604,-0.137,1.62,0.0,True,3.9848,662.01
549,"[28, 28, 26, 13]","[1, 0, 0]",31,"[1, 0, 0, 0, 0, 0]",5.21,1.3301,-0.34,30.55,0.0,True,3.1879,628.67
550,"[28, 28, 26, 31]","[1, 0, 0]",31,"[1, 0, 0, 0, 0, 0]",5.2,1.35,-0.232,26.64,0.0,True,3.2602,637.13
551,"[28, 28, 26, 49]","[1, 0, 0]",31,"[0, 1, 0, 0, 0, 0]",6.02,1.0,-0.006,57.78,0.0,True,3.352,569.96
552,"[28, 28, 26, 14]","[1, 0, 0]",32,"[1, 0, 0, 0, 0, 0]",5.1,1.351,-0.316,49.48,0.0,True,3.0329,627.81
553,"[28, 28, 26, 32]","[1, 0, 0]",32,"[1, 0, 0, 0, 0, 0]",5.86,0.9539,-0.148,25.32,0.0,True,3.2627,630.52
554,"[28, 28, 26, 50]","[1, 0, 0]",32,"[0, 1, 0, 0, 0, 0]",6.027,0.9943,-0.101,26.91,0.0,True,3.2552,554.76
555,"[28, 28, 26, 15]","[1, 0, 0]",33,"[1, 0, 0, 0, 0, 0]",4.94,1.4717,-0.233,42.51,0.0,True,3.3896,708.74
556,"[28, 28, 26, 33]","[1, 0, 0]",33,"[1, 0, 0, 0, 0, 0]",5.12,1.4434,-0.058,57.7,0.0,True,3.5703,683.67
557,"[28, 28, 26, 51]","[1, 0, 0]",33,"[0, 1, 0, 0, 0, 0]",6.02,1.0,-0.012,53.93,0.028,True,3.3321,566.57
558,"[28, 28, 27, 13]","[1, 0, 0]",32,"[1, 0, 0, 0, 0, 0]",5.11,1.3757,-0.323,62.79,0.0,True,1.9357,391.17
559,"[28, 28, 27, 31]","[1, 0, 0]",32,"[1, 0, 0, 0, 0, 0]",5.12,1.3828,-0.201,55.98,0.0,True,2.0227,404.28
560,"[28, 28, 27, 49]","[1, 0, 0]",32,"[1, 0, 0, 0, 0, 0]",5.39,1.3525,0.042,63.67,0.0,False,2.0404,357.39
561,"[28, 28, 27, 14]","[1, 0, 0]",33,"[1, 0, 0, 0, 0, 0]",5.01,1.3852,-0.32,70.69,0.0,True,1.4696,312.96
562,"[28, 28, 27, 32]","[1, 0, 0]",33,"[1, 0, 0, 0, 0, 0]",5.11,1.3836,-0.148,71.88,0.0,True,1.5935,320.2
563,"[28, 28, 27, 50]","[1, 0, 0]",33,"[1, 0, 0, 0, 0, 0]",5.4,1.3333,-0.071,61.74,0.0,True,1.4903,263.32
564,"[28, 28, 27, 15]","[1, 0, 0]",34,"[1, 0, 0, 0, 0, 0]",4.92,1.4533,-0.216,66.06,0.0,True,2.1333,457.24
565,"[28, 28, 27, 33]","[1, 0, 0]",34,"[1, 0, 0, 0, 0, 0]",5.06,1.4506,-0.039,70.2,0.0,True,2.2149,437.2
566,"[28, 28, 27, 51]","[1, 0, 0]",34,"[1, 0, 0, 0, 0, 0]",5.33,1.379,-0.017,49.9,0.0,True,1.482,263.29
567,"[28, 28, 28, 13]","[1, 0, 0]",33,"[1, 0, 0, 0, 0, 0]",5.2039,1.2978,-0.413,0.0,0.0,True,0.0001,0.02
568,"[28, 28, 28, 31]","[1, 0, 0]",33,"[1, 0, 0, 0, 0, 0]",5.22,1.2989,-0.289,0.08,0.0,True,0.0002,0.04
569,"[28, 28, 28, 49]","[1, 0, 0]",33,"[1, 0, 0, 0, 0, 0]",5.44,1.307,-0.068,0.0,0.0,True,0.0001,0.02
570,"[28, 28, 28, 14]","[1, 0, 0]",34,"[1, 0, 0, 0, 0, 0]",5.07,1.3333,-0.422,0.0,0.0,True,0.0,0.0
571,"[28, 28, 28, 32]","[1, 0, 0]",34,"[1, 0, 0, 0, 0, 0]",5.17,1.3327,-0.259,0.0,0.0,True,0.0,0.0
572,"[28, 28, 28, 50]","[1, 0, 0]",34,"[1, 0, 0, 0, 0, 0]",5.4,1.3296,-0.207,0.0,0.0,True,0.0,0.0
573,"[28, 28, 28, 15]","[1, 0, 0]",35,"[1, 0, 0, 0, 0, 0]",4.97,1.3984,-0.303,0.0,0.0,True,0.0,0.0
574,"[28, 28, 28, 33]","[1, 0, 0]",35,"[1, 0, 0, 0, 0, 0]",5.1,1.4098,-0.143,0.0,0.0,True,0.0,0.0
575,"[28, 28, 28, 51]","[1, 0, 0]",35,"[1, 0, 0, 0, 0, 0]",5.36,1.3563,-0.153,0.0,0.0,True,0.0,0.0
576,"[24, 22, 31, 0]","[0, 1, 0]",13,"[0, 0, 1, 0, 0, 0]",6.03,1.0,0.401,18.18,0.627,False,4.9901,844.28
577,"[24, 22, 49, 0]","[0, 1, 0]",13,"[0, 0, 1, 0, 0, 0]",6.32,1.0,0.545,100.0,0.722,False,5.0,734.76
578,"[24, 22, 14, 0]","[0, 1, 0]",14,"[0, 0, 1, 0, 0, 0]",5.85,1.0,0.189,100.0,0.703,False,4.0,741.17
579,"[24, 22, 32, 0]","[0, 1, 0]",14,"[0, 0, 1, 0, 0, 0]",5.95,1.0,0.217,100.0,0.798,False,4.0,704.43
580,"[24, 22, 50, 0]","[0, 1, 0]",14,"[0, 0, 1, 0, 0, 0]",6.25,1.0016,0.274,100.0,0.827,False,4.0,606.81
581,"[24, 22, 15, 0]","[0, 1, 0]",15,"[0, 0, 0, 1, 0, 0]",5.24,1.2729,-0.226,15.57,0.257,True,2.5301,512.48
582,"[24, 22, 33, 0]","[0, 1, 0]",15,"[0, 0, 0, 1, 0, 0]",5.52,1.2065,-0.009,100.0,0.693,True,3.0,548.4
583,"[24, 22, 51, 0]","[0, 1, 0]",15,"[0, 0, 1, 0, 0, 0]",6.18,0.9984,0.124,100.0,0.95,False,3.0,472.27
584,"[24, 23, 13, 0]","[0, 1, 0]",14,"[0, 0, 1, 0, 0, 0]",5.83,1.0,0.582,22.14,0.522,False,0.0511,9.57
585,"[24, 23, 31, 0]","[0, 1, 0]",14,"[0, 0, 1, 0, 0, 0]",5.82,1.0,0.527,25.64,0.675,False,0.0306,5.76
586,"[24, 23, 49, 0]","[0, 1, 0]",14,"[0, 0, 1, 0, 0, 0]",6.17,1.0,0.724,75.86,0.722,False,0.022,3.47
587,"[24, 23, 14, 0]","[0, 1, 0]",15,"[0, 0, 1, 0, 0, 0]",5.6,1.0,0.261,12.54,0.0,False,0.5936,125.39
588,"[24, 23, 32, 0]","[0, 1, 0]",15,"[0, 0, 1, 0, 0, 0]",5.75,1.0,0.343,8.96,0.556,False,0.2213,43.18
589,"[24, 23, 50, 0]","[0, 1, 0]",15,"[0, 0, 1, 0, 0, 0]",6.11,1.0,0.459,15.96,0.774,False,0.2123,34.53
590,"[24, 23, 15, 0]","[0, 1, 0]",16,"[0, 0, 1, 0, 0, 0]",5.5,1.0,-0.177,0.0,0.0,True,0.0,0.0
591,"[24, 23, 33, 0]","[0, 1, 0]",16,"[0, 0, 1, 0, 0, 0]",5.65,1.0035,0.103,0.0,0.0,False,0.0001,0.02
592,"[24, 23, 51, 0]","[0, 1, 0]",16,"[0, 0, 1, 0, 0, 0]",6.0579,1.0037,0.273,36.81,0.85,False,0.9107,151.41
593,"[24, 24, 13, 0]","[0, 1, 0]",15,"[0, 0, 1, 0, 0, 0]",5.82,1.0,0.583,18.74,0.542,False,0.5127,96.48
594,"[24, 24, 31, 0]","[0, 1, 0]",15,"[0, 0, 1, 0, 0, 0]",5.8,1.0,0.538,11.69,0.698,False,0.4375,83.18
595,"[24, 24, 49, 0]","[0, 1, 0]",15,"[0, 0, 1, 0, 0, 0]",6.2,1.0,0.714,26.48,0.613,False,0.3186,49.59
596,"[24, 24, 14, 0]","[0, 1, 0]",16,"[0, 0, 1, 0, 0, 0]",5.5,1.0,0.277,0.0,0.0,False,0.0,0.0
597,"[24, 24, 32, 0]","[0, 1, 0]",16,"[0, 0, 1, 0, 0, 0]",5.74,1.0017,0.39,25.13,0.746,False,0.366,71.67
598,"[24, 24, 50, 0]","[0, 1, 0]",16,"[0, 0, 1, 0, 0, 0]",6.14,1.0016,0.483,39.35,0.789,False,0.2591,41.46
599,"[24, 24, 15, 0]","[0, 1, 0]",17,"[0, 0, 1, 0, 0, 0]",5.4,1.0019,-0.158,5.8,0.0,True,0.5387,126.67
600,"[24, 24, 33, 0]","[0, 1, 0]",17,"[0, 0, 1, 0, 0, 0]",5.6346,0.9976,0.143,18.41,0.465,False,0.7717,160.41
601,"[24, 24, 51, 0]","[0, 1, 0]",17,"[0, 0, 1, 0, 0, 0]",6.09,0.9951,0.31,22.7,0.926,False,0.2184,36.05
602,"[24, 25, 13, 0]","[0, 1, 0]",16,"[0, 0, 1, 0, 0, 0]",5.8,1.0,0.492,33.95,0.27,False,0.4724,89.82
603,"[24, 25, 31, 0]","[0, 1, 0]",16,"[0, 0, 1, 0, 0, 0]",5.79,1.0,0.439,37.59,0.522,False,0.5086,97.2
604,"[24, 25, 49, 0]","[0, 1, 0]",16,"[0, 0, 1, 0, 0, 0]",6.21,1.0,0.619,50.76,0.67,False,0.1864,28.87
605,"[24, 25, 14, 0]","[0, 1, 0]",17,"[0, 0, 1, 0, 0, 0]",5.476,0.9947,0.156,2.08,0.0,False,0.04,9.08
606,"[24, 25, 32, 0]","[0, 1, 0]",17,"[0, 0, 1, 0, 0, 0]",5.7,1.0035,0.262,63.35,0.589,False,0.0804,16.05
607,"[24, 25, 50, 0]","[0, 1, 0]",17,"[0, 0, 1, 0, 0, 0]",6.13,1.0033,0.36,40.92,0.76,False,0.054,8.67
608,"[24, 25, 15, 0]","[0, 1, 0]",18,"[0, 0, 1, 0, 0, 0]",5.42,1.0018,-0.264,99.59,0.205,True,0.0016,0.37
609,"[24, 25, 33, 0]","[0, 1, 0]",18,"[0, 0, 1, 0, 0, 0]",5.71,1.0,-0.009,100.0,0.984,True,0.0,0.0
610,"[24, 25, 51, 0]","[0, 1, 0]",18,"[0, 0, 1, 0, 0, 0]",6.1,1.0,0.151,22.99,0.959,False,0.1937,31.66
611,"[24, 26, 13, 0]","[0, 1, 0]",17,"[0, 0, 1, 0, 0, 0]",5.65,1.0,0.489,2.95,0.0,False,0.6405,131.73
612,"[24, 26, 31, 0]","[0, 1, 0]",17,"[0, 0, 1, 0, 0, 0]",5.67,1.0,0.452,9.19,0.0,False,0.6888,140.18
613,"[24, 26, 49, 0]","[0, 1, 0]",17,"[0, 0, 1, 0, 0, 0]",6.07,1.0,0.697,89.2,0.308,False,0.9971,165.39
614,"[24, 26, 14, 0]","[0, 1, 0]",18,"[0, 0, 1, 0, 0, 0]",5.45,1.0037,0.141,24.26,0.0,False,0.0504,11.51
615,"[24, 26, 32, 0]","[0, 1, 0]",18,"[0, 0, 1, 0, 0, 0]",5.65,1.0,0.249,100.0,0.185,False,0.0,0.0
616,"[24, 26, 50, 0]","[0, 1, 0]",18,"[0, 0, 1, 0, 0, 0]",6.01,1.0,0.417,100.0,0.428,False,0.0,0.0
617,"[24, 26, 15, 0]","[0, 1, 0]",19,"[0, 0, 1, 0, 0, 0]",5.42,1.0,-0.219,23.39,0.0,True,0.8564,199.53
618,"[24, 26, 33, 0]","[0, 1, 0]",19,"[0, 0, 1, 0, 0, 0]",5.6242,1.0011,0.059,1.52,0.328,False,0.7974,166.09
619,"[24, 26, 51, 0]","[0, 1, 0]",19,"[0, 0, 1, 0, 0, 0]",5.9685,1.0029,0.28,68.79,0.523,False,0.5241,91.18
620,"[24, 28, 13, 0]","[0, 1, 0]",19,"[0, 0, 1, 0, 0, 0]",5.73,1.0,0.483,68.61,0.066,False,3.0007,591.68
621,"[24, 28, 31, 0]","[0, 1, 0]",19,"[0, 0, 0, 1, 0, 0]",5.11,1.4227,-0.007,32.83,0.0,True,3.1048,606.71
622,"[24, 28, 49, 0]","[0, 1, 0]",19,"[0, 0, 1, 0, 0, 0]",6.07,1.0,0.221,20.87,0.076,False,3.6663,608.12
623,"[24, 28, 14, 0]","[0, 1, 0]",20,"[0, 0, 1, 0, 0, 0]",5.52,1.0,-0.188,56.87,0.0,True,1.7846,393.6
624,"[24, 28, 32, 0]","[0, 1, 0]",20,"[0, 0, 1, 0, 0, 0]",5.67,0.9982,-0.125,23.11,0.0,True,2.3915,487.55
625,"[24, 28, 50, 0]","[0, 1, 0]",20,"[0, 0, 1, 0, 0, 0]",6.0,1.0,-0.009,10.31,0.0,True,3.0109,517.09
626,"[24, 28, 15, 0]","[0, 1, 0]",21,"[0, 0, 1, 0, 0, 0]",5.45,1.0037,-0.553,37.81,0.0,True,1.9501,445.25
627,"[24, 28, 33, 0]","[0, 1, 0]",21,"[0, 0, 1, 0, 0, 0]",5.64,0.9982,-0.328,2.0,0.0,True,2.0371,421.96
628,"[24, 28, 51, 0]","[0, 1, 0]",21,"[0, 0, 1, 0, 0, 0]",5.95,1.005,-0.149,11.96,0.0,True,2.4288,425.58
629,"[25, 22, 13, 0]","[0, 1, 0]",14,"[0, 0, 1, 0, 0, 0]",5.8,1.0,0.215,4.5,0.46,False,0.1073,20.4
630,"[25, 22, 31, 0]","[0, 1, 0]",14,"[0, 0, 1, 0, 0, 0]",5.82,0.9966,0.178,40.69,0.926,False,0.2477,46.77
631,"[25, 22, 49, 0]","[0, 1, 0]",14,"[0, 0, 1, 0, 0, 0]",6.1467,1.0058,0.375,80.9,0.49,False,0.5819,92.41
632,"[25, 22, 14, 0]","[0, 1, 0]",15,"[0, 0, 1, 0, 0, 0]",5.64,1.0,-0.099,0.0,0.446,True,0.0007,0.14
633,"[25, 22, 32, 0]","[0, 1, 0]",15,"[0, 0, 1, 0, 0, 0]",5.77,1.0017,-0.018,12.39,1.012,True,0.3994,76.99
634,"[25, 22, 50, 0]","[0, 1, 0]",15,"[0, 0, 1, 0, 0, 0]",6.13,1.0,0.074,84.11,0.751,False,2.8847,464.56
635,"[25, 22, 15, 0]","[0, 1, 0]",16,"[0, 0, 1, 0, 0, 0]",5.56,1.0,-0.527,51.6,0.998,True,1.8155,391.83
636,"[25, 22, 33, 0]","[0, 1, 0]",16,"[0, 0, 1, 0, 0, 0]",5.7415,1.0049,-0.298,89.02,1.283,True,1.9946,389.03
637,"[25, 22, 51, 0]","[0, 1, 0]",16,"[0, 0, 1, 0, 0, 0]",6.09,0.9984,-0.165,67.2,0.845,True,1.7332,285.13
638,"[25, 23, 13, 0]","[0, 1, 0]",15,"[0, 0, 1, 0, 0, 0]",5.7,1.0,0.283,38.46,0.593,False,0.3961,79.34
639,"[25, 23, 31, 0]","[0, 1, 0]",15,"[0, 0, 1, 0, 0, 0]",5.74,1.0,0.254,18.16,0.855,False,0.0724,14.2
640,"[25, 23, 49, 0]","[0, 1, 0]",15,"[0, 0, 1, 0, 0, 0]",6.11,1.0,0.476,2.72,0.347,False,0.2734,44.46
641,"[25, 23, 14, 0]","[0, 1, 0]",16,"[0, 0, 1, 0, 0, 0]",5.5,1.0,-0.064,0.0,0.0,True,0.0,0.0
642,"[25, 23, 32, 0]","[0, 1, 0]",16,"[0, 0, 1, 0, 0, 0]",5.68,1.0018,0.055,44.82,0.888,False,0.7845,158.53
643,"[25, 23, 50, 0]","[0, 1, 0]",16,"[0, 0, 1, 0, 0, 0]",6.04,1.0,0.186,23.14,0.565,False,1.0984,184.92
644,"[25, 23, 15, 0]","[0, 1, 0]",17,"[0, 0, 1, 0, 0, 0]",5.4033,1.0039,-0.539,20.99,0.465,True,0.8574,200.83
645,"[25, 23, 33, 0]","[0, 1, 0]",17,"[0, 0, 1, 0, 0, 0]",5.5948,1.0018,-0.243,100.0,0.869,True,1.0,211.45
646,"[25, 23, 51, 0]","[0, 1, 0]",17,"[0, 0, 1, 0, 0, 0]",5.9233,1.0025,-0.034,100.0,0.936,True,1.0,178.06
647,"[25, 24, 13, 0]","[0, 1, 0]",16,"[0, 0, 1, 0, 0, 0]",5.7,1.0,0.362,3.04,0.67,False,0.6879,137.79
648,"[25, 24, 31, 0]","[0, 1, 0]",16,"[0, 0, 1, 0, 0, 0]",5.74,1.0,0.348,2.11,0.784,False,0.6003,117.75
649,"[25, 24, 49, 0]","[0, 1, 0]",16,"[0, 0, 1, 0, 0, 0]",6.15,1.0,0.541,3.98,0.247,False,0.3067,48.91
650,"[25, 24, 14, 0]","[0, 1, 0]",17,"[0, 0, 1, 0, 0, 0]",5.42,1.0,-0.027,13.76,0.0,True,0.7368,171.66
651,"[25, 24, 32, 0]","[0, 1, 0]",17,"[0, 0, 1, 0, 0, 0]",5.571,1.0043,0.123,100.0,0.608,False,1.0,213.63
652,"[25, 24, 50, 0]","[0, 1, 0]",17,"[0, 0, 1, 0, 0, 0]",6.06,0.9967,0.269,7.3,0.399,False,0.3062,51.21
653,"[25, 24, 15, 0]","[0, 1, 0]",18,"[0, 0, 1, 0, 0, 0]",5.3,0.9981,-0.46,0.0,0.0,True,0.0,0.0
654,"[25, 24, 33, 0]","[0, 1, 0]",18,"[0, 0, 1, 0, 0, 0]",5.5142,1.0037,-0.101,100.0,0.726,True,0.0,0.0
655,"[25, 24, 51, 0]","[0, 1, 0]",18,"[0, 0, 1, 0, 0, 0]",5.9519,1.0028,0.097,80.31,0.665,False,0.014,2.46
656,"[25, 25, 13, 0]","[0, 1, 0]",17,"[0, 0, 1, 0, 0, 0]",5.6,1.0,0.28,18.84,0.276,False,0.6878,145.29
657,"[25, 25, 31, 0]","[0, 1, 0]",17,"[0, 0, 1, 0, 0, 0]",5.71,0.9982,0.273,43.75,0.703,False,0.4457,88.97
658,"[25, 25, 49, 0]","[0, 1, 0]",17,"[0, 0, 1, 0, 0, 0]",6.12,1.0,0.48,26.16,0.361,False,0.0511,8.27
659,"[25, 25, 14, 0]","[0, 1, 0]",18,"[0, 0, 1, 0, 0, 0]",5.3671,1.0081,-0.098,30.23,0.0,True,0.0067,1.59
660,"[25, 25, 32, 0]","[0, 1, 0]",18,"[0, 0, 1, 0, 0, 0]",5.5844,0.9997,0.047,100.0,0.807,False,0.0,0.0
661,"[25, 25, 50, 0]","[0, 1, 0]",18,"[0, 0, 1, 0, 0, 0]",6.05,0.9967,0.184,32.15,0.485,False,0.1741,29.26
662,"[25, 25, 15, 0]","[0, 1, 0]",19,"[0, 0, 1, 0, 0, 0]",5.33,1.0019,-0.419,99.14,0.428,True,1.0,244.53
663,"[25, 25, 33, 0]","[0, 1, 0]",19,"[0, 0, 1, 0, 0, 0]",5.627,1.0017,-0.131,100.0,1.112,True,1.0,207.85
664,"[25, 25, 51, 0]","[0, 1, 0]",19,"[0, 0, 1, 0, 0, 0]",6.01,0.9983,0.044,100.0,0.684,False,1.0,171.17
665,"[25, 26, 13, 0]","[0, 1, 0]",18,"[0, 0, 1, 0, 0, 0]",5.52,1.0,0.292,76.01,0.0,False,0.0013,0.29
666,"[25, 26, 31, 0]","[0, 1, 0]",18,"[0, 0, 1, 0, 0, 0]",5.5636,1.0033,0.299,80.4,0.0,False,0.0067,1.44
667,"[25, 26, 49, 0]","[0, 1, 0]",18,"[0, 0, 1, 0, 0, 0]",5.96,1.0034,0.589,100.0,0.452,False,0.0001,0.02
668,"[25, 26, 14, 0]","[0, 1, 0]",19,"[0, 0, 1, 0, 0, 0]",5.33,1.0019,0.011,0.0,0.0,False,0.0007,0.17
669,"[25, 26, 32, 0]","[0, 1, 0]",19,"[0, 0, 1, 0, 0, 0]",5.57,1.0,0.162,84.0,0.337,False,0.9789,210.14
670,"[25, 26, 50, 0]","[0, 1, 0]",19,"[0, 0, 1, 0, 0, 0]",5.92,1.0,0.353,65.18,0.57,False,0.9666,172.83
671,"[25, 26, 15, 0]","[0, 1, 0]",20,"[0, 0, 1, 0, 0, 0]",5.32,1.0,-0.306,80.06,0.0,True,1.9591,482.67
672,"[25, 26, 33, 0]","[0, 1, 0]",20,"[0, 0, 1, 0, 0, 0]",5.51,0.9982,0.005,96.56,0.029,False,1.9986,444.0
673,"[25, 26, 51, 0]","[0, 1, 0]",20,"[0, 0, 1, 0, 0, 0]",5.84,1.0,0.235,3.07,0.0,False,3.4443,641.49
674,"[25, 28, 13, 0]","[0, 1, 0]",20,"[0, 0, 1, 0, 0, 0]",5.65,1.0,-0.018,44.26,0.061,True,3.0218,621.51
675,"[25, 28, 31, 0]","[0, 1, 0]",20,"[0, 0, 1, 0, 0, 0]",5.66,1.0,0.209,28.89,0.047,False,3.2206,658.89
676,"[25, 28, 49, 0]","[0, 1, 0]",20,"[0, 0, 1, 0, 0, 0]",6.0,1.0,0.161,37.12,0.0,False,3.7194,638.77
677,"[25, 28, 14, 0]","[0, 1, 0]",21,"[0, 0, 1, 0, 0, 0]",5.48,0.9982,-0.216,12.77,0.0,True,2.6009,587.36
678,"[25, 28, 32, 0]","[0, 1, 0]",21,"[0, 0, 1, 0, 0, 0]",5.62,0.9947,-0.132,0.4,0.0,True,2.7411,575.93
679,"[25, 28, 50, 0]","[0, 1, 0]",21,"[0, 0, 1, 0, 0, 0]",5.96,0.9983,-0.044,30.36,0.034,True,3.3945,595.79
680,"[25, 28, 15, 0]","[0, 1, 0]",22,"[0, 0, 1, 0, 0, 0]",5.36,1.0037,-0.464,7.63,0.0,True,1.7592,422.21
681,"[25, 28, 33, 0]","[0, 1, 0]",22,"[0, 0, 1, 0, 0, 0]",5.6,1.0,-0.011,30.64,0.0,True,2.8991,612.39
682,"[25, 28, 51, 0]","[0, 1, 0]",22,"[0, 0, 1, 0, 0, 0]",5.9,0.9966,-0.136,12.88,0.0,True,3.1341,568.01
683,"[26, 22, 13, 0]","[0, 1, 0]",15,"[0, 0, 1, 0, 0, 0]",5.74,1.0,-0.021,53.72,0.537,True,0.373,73.16
684,"[26, 22, 31, 0]","[0, 1, 0]",15,"[0, 0, 1, 0, 0, 0]",5.72,1.0,-0.038,3.36,0.789,True,0.0065,1.29
685,"[26, 22, 49, 0]","[0, 1, 0]",15,"[0, 0, 1, 0, 0, 0]",6.08,1.0,0.206,0.62,0.366,False,0.4602,75.96
686,"[26, 22, 14, 0]","[0, 1, 0]",16,"[0, 0, 1, 0, 0, 0]",5.6,1.0,-0.342,22.22,0.855,True,1.0161,214.63
687,"[26, 22, 32, 0]","[0, 1, 0]",16,"[0, 0, 1, 0, 0, 0]",5.71,1.0,-0.253,31.15,1.15,True,1.4445,287.83
688,"[26, 22, 50, 0]","[0, 1, 0]",16,"[0, 0, 1, 0, 0, 0]",6.0149,1.0026,-0.135,0.53,0.608,True,1.5985,271.79
689,"[26, 22, 15, 0]","[0, 1, 0]",17,"[0, 0, 1, 0, 0, 0]",5.4527,1.0044,-0.802,60.74,1.135,True,0.8837,201.32
690,"[26, 22, 33, 0]","[0, 1, 0]",17,"[0, 0, 1, 0, 0, 0]",5.6547,1.0008,-0.55,88.95,1.254,True,0.9896,202.87
691,"[26, 22, 51, 0]","[0, 1, 0]",17,"[0, 0, 1, 0, 0, 0]",5.9534,1.0004,-0.382,66.7,0.85,True,0.955,167.84
692,"[26, 23, 13, 0]","[0, 1, 0]",16,"[0, 0, 1, 0, 0, 0]",5.6,1.0,0.108,15.87,0.295,False,0.8768,185.21
693,"[26, 23, 31, 0]","[0, 1, 0]",16,"[0, 0, 1, 0, 0, 0]",5.61,1.0,0.121,10.78,0.698,False,0.6117,128.52
694,"[26, 23, 49, 0]","[0, 1, 0]",16,"[0, 0, 1, 0, 0, 0]",5.97,1.0,0.421,40.22,0.366,False,0.075,13.08
695,"[26, 23, 14, 0]","[0, 1, 0]",17,"[0, 0, 1, 0, 0, 0]",5.44,1.0,-0.306,15.05,0.423,True,0.745,171.67
696,"[26, 23, 32, 0]","[0, 1, 0]",17,"[0, 0, 1, 0, 0, 0]",5.5578,1.0023,-0.157,64.87,0.788,True,1.0,215.58
697,"[26, 23, 50, 0]","[0, 1, 0]",17,"[0, 0, 1, 0, 0, 0]",5.8667,1.0026,0.054,47.5,0.75,False,0.9593,175.78
698,"[26, 23, 15, 0]","[0, 1, 0]",18,"[0, 0, 1, 0, 0, 0]",5.3138,1.0038,-0.804,0.0,0.3183,True,0.0,0.0
699,"[26, 23, 33, 0]","[0, 1, 0]",18,"[0, 0, 1, 0, 0, 0]",5.4855,1.0025,-0.468,0.0,0.366,True,0.0,0.0
700,"[26, 23, 51, 0]","[0, 1, 0]",18,"[0, 0, 1, 0, 0, 0]",5.7758,1.0021,-0.211,0.0,0.385,True,0.0,0.0
701,"[26, 24, 13, 0]","[0, 1, 0]",17,"[0, 0, 1, 0, 0, 0]",5.48,1.0,0.205,6.07,0.0,False,0.6708,151.21
702,"[26, 24, 31, 0]","[0, 1, 0]",17,"[0, 0, 1, 0, 0, 0]",5.49,1.0,0.242,44.83,0.0,False,0.8115,181.93
703,"[26, 24, 49, 0]","[0, 1, 0]",17,"[0, 0, 1, 0, 0, 0]",5.99,1.0,0.566,99.98,0.042,False,0.9999,172.59
704,"[26, 24, 14, 0]","[0, 1, 0]",18,"[0, 0, 1, 0, 0, 0]",5.3284,1.0043,-0.231,0.0,0.0,True,0.0,0.0
705,"[26, 24, 32, 0]","[0, 1, 0]",18,"[0, 0, 1, 0, 0, 0]",5.4448,1.0025,-0.025,0.0,0.0,True,0.0,0.0
706,"[26, 24, 50, 0]","[0, 1, 0]",18,"[0, 0, 1, 0, 0, 0]",5.8445,1.0,0.247,100.0,0.594,False,0.0,0.0
707,"[26, 24, 15, 0]","[0, 1, 0]",19,"[0, 0, 1, 0, 0, 0]",5.2921,0.9978,-0.465,87.54,0.665,True,0.9732,244.1
708,"[26, 24, 33, 0]","[0, 1, 0]",19,"[0, 0, 1, 0, 0, 0]",5.4814,0.9961,-0.137,100.0,0.96,True,1.0,226.12
709,"[26, 24, 51, 0]","[0, 1, 0]",19,"[0, 0, 1, 0, 0, 0]",5.81,1.0,0.089,100.0,0.94,False,1.0001,189.17
710,"[26, 25, 13, 0]","[0, 1, 0]",18,"[0, 0, 1, 0, 0, 0]",5.42,1.0018,0.157,0.0,0.0,False,0.0001,0.02
711,"[26, 25, 31, 0]","[0, 1, 0]",18,"[0, 0, 1, 0, 0, 0]",5.49,1.0,0.214,3.74,0.195,False,0.0115,2.58
712,"[26, 25, 49, 0]","[0, 1, 0]",18,"[0, 0, 1, 0, 0, 0]",5.9505,1.0003,0.523,20.59,0.318,False,0.5455,96.01
713,"[26, 25, 14, 0]","[0, 1, 0]",19,"[0, 0, 1, 0, 0, 0]",5.3211,1.0008,-0.155,92.28,0.067,True,0.9718,239.09
714,"[26, 25, 32, 0]","[0, 1, 0]",19,"[0, 0, 1, 0, 0, 0]",5.4714,0.9954,0.033,100.0,0.527,False,1.0,227.53
715,"[26, 25, 50, 0]","[0, 1, 0]",19,"[0, 0, 1, 0, 0, 0]",5.92,1.0,0.222,100.0,0.475,False,1.0,178.8
716,"[26, 25, 15, 0]","[0, 1, 0]",20,"[0, 0, 1, 0, 0, 0]",5.32,0.9981,-0.424,100.0,0.831,True,2.0,493.67
717,"[26, 25, 33, 0]","[0, 1, 0]",20,"[0, 0, 1, 0, 0, 0]",5.51,1.0,-0.134,100.0,1.079,True,2.0,443.51
718,"[26, 25, 51, 0]","[0, 1, 0]",20,"[0, 0, 1, 0, 0, 0]",5.84,1.0,0.052,100.0,0.969,False,2.0,372.49
719,"[26, 26, 13, 0]","[0, 1, 0]",19,"[0, 0, 1, 0, 0, 0]",5.5,1.0,0.236,100.0,0.081,False,2.9999,668.88
720,"[26, 26, 31, 0]","[0, 1, 0]",19,"[0, 0, 1, 0, 0, 0]",5.54,0.9982,0.268,7.04,0.005,False,3.1997,699.35
721,"[26, 26, 49, 0]","[0, 1, 0]",19,"[0, 0, 1, 0, 0, 0]",5.91,1.0017,0.512,51.65,0.0,False,4.5674,819.41
722,"[26, 26, 14, 0]","[0, 1, 0]",20,"[0, 0, 1, 0, 0, 0]",5.3404,1.0031,-0.078,98.27,0.0,True,1.9993,485.46
723,"[26, 26, 32, 0]","[0, 1, 0]",20,"[0, 0, 1, 0, 0, 0]",5.48,1.0,0.091,75.12,0.1,False,2.0647,465.42
724,"[26, 26, 50, 0]","[0, 1, 0]",20,"[0, 0, 1, 0, 0, 0]",5.85,1.0,0.246,23.34,0.047,False,4.0232,745.47
725,"[26, 26, 15, 0]","[0, 1, 0]",21,"[0, 0, 1, 0, 0, 0]",5.31,1.0,-0.35,51.25,0.185,True,2.9346,727.1
726,"[26, 26, 33, 0]","[0, 1, 0]",21,"[0, 0, 1, 0, 0, 0]",5.49,1.0,-0.071,93.76,0.261,True,2.999,672.34
727,"[26, 26, 51, 0]","[0, 1, 0]",21,"[0, 0, 1, 0, 0, 0]",5.78,1.0,0.093,100.0,0.314,False,3.0,576.32
728,"[26, 28, 13, 0]","[0, 1, 0]",21,"[0, 0, 1, 0, 0, 0]",5.56,1.0018,0.146,67.73,0.0,False,2.7029,582.31
729,"[26, 28, 31, 0]","[0, 1, 0]",21,"[0, 0, 1, 0, 0, 0]",5.58,1.0,0.175,12.83,0.0,False,2.7949,596.75
730,"[26, 28, 49, 0]","[0, 1, 0]",21,"[0, 0, 1, 0, 0, 0]",5.89,0.9983,0.4,14.58,0.0,False,2.9071,528.66
731,"[26, 28, 14, 0]","[0, 1, 0]",22,"[0, 0, 1, 0, 0, 0]",5.4,1.0037,0.002,46.55,0.0,False,1.9655,461.33
732,"[26, 28, 32, 0]","[0, 1, 0]",22,"[0, 0, 1, 0, 0, 0]",5.56,1.0,0.11,49.63,0.0,False,2.4891,537.21
733,"[26, 28, 50, 0]","[0, 1, 0]",22,"[0, 0, 1, 0, 0, 0]",5.87,0.9983,0.2,54.16,0.0,False,2.7495,505.13
734,"[26, 28, 15, 0]","[0, 1, 0]",23,"[0, 0, 1, 0, 0, 0]",5.29,1.0,-0.232,36.46,0.0,True,0.1164,29.17
735,"[26, 28, 33, 0]","[0, 1, 0]",23,"[0, 0, 1, 0, 0, 0]",5.52,1.0,0.018,26.68,0.0,False,2.2393,493.88
736,"[26, 28, 51, 0]","[0, 1, 0]",23,"[0, 0, 1, 0, 0, 0]",5.83,1.0034,0.122,46.72,0.0,False,2.5198,470.11
737,"[44, 22, 13, 0]","[0, 1, 0]",15,"[0, 0, 1, 0, 0, 0]",5.94,1.0,-0.275,31.68,0.0,True,0.2434,43.08
738,"[44, 22, 31, 0]","[0, 1, 0]",15,"[0, 0, 1, 0, 0, 0]",5.94,1.0,-0.228,1.38,0.11,True,0.0087,1.54
739,"[44, 22, 49, 0]","[0, 1, 0]",15,"[0, 0, 1, 0, 0, 0]",6.19,1.0,0.004,3.34,0.099,False,0.0144,2.25
740,"[44, 22, 14, 0]","[0, 1, 0]",16,"[0, 0, 1, 0, 0, 0]",5.82,1.0017,-0.424,0.0,0.37,True,0.0004,0.08
741,"[44, 22, 32, 0]","[0, 1, 0]",16,"[0, 0, 1, 0, 0, 0]",5.92,1.0,-0.332,2.18,0.452,True,0.0257,4.6
742,"[44, 22, 50, 0]","[0, 1, 0]",16,"[0, 0, 1, 0, 0, 0]",6.2044,0.9992,-0.256,0.0,0.418,True,0.0002,0.03
743,"[44, 22, 15, 0]","[0, 1, 0]",17,"[0, 0, 1, 0, 0, 0]",5.7261,1.0011,-0.729,0.0,0.665,True,0.0,0.0
744,"[44, 22, 33, 0]","[0, 1, 0]",17,"[0, 0, 1, 0, 0, 0]",5.89,1.0,-0.536,0.0,0.699,True,0.0,0.0
745,"[44, 22, 51, 0]","[0, 1, 0]",17,"[0, 0, 1, 0, 0, 0]",6.1404,1.0035,-0.459,0.0,0.608,True,0.0003,0.05
746,"[44, 23, 13, 0]","[0, 1, 0]",16,"[0, 0, 1, 0, 0, 0]",5.8262,1.0009,-0.053,25.3,0.0,True,1.6167,302.97
747,"[44, 23, 31, 0]","[0, 1, 0]",16,"[0, 0, 1, 0, 0, 0]",5.8303,1.0024,0.022,28.22,0.0,False,1.5522,289.84
748,"[44, 23, 49, 0]","[0, 1, 0]",16,"[0, 0, 1, 0, 0, 0]",6.11,1.0,0.305,22.33,0.185,False,1.7241,280.39
749,"[44, 23, 14, 0]","[0, 1, 0]",17,"[0, 0, 1, 0, 0, 0]",5.7,1.0,-0.259,48.49,0.071,True,0.6134,122.87
750,"[44, 23, 32, 0]","[0, 1, 0]",17,"[0, 0, 1, 0, 0, 0]",5.8,1.0017,-0.121,50.73,0.166,True,0.6805,129.16
751,"[44, 23, 50, 0]","[0, 1, 0]",17,"[0, 0, 1, 0, 0, 0]",5.83,1.0,0.021,73.0,0.233,False,0.942,176.35
752,"[44, 23, 15, 0]","[0, 1, 0]",18,"[0, 0, 1, 0, 0, 0]",5.6167,1.0022,-0.609,0.0,0.1901,True,0.0,0.0
753,"[44, 23, 33, 0]","[0, 1, 0]",18,"[0, 0, 1, 0, 0, 0]",5.7621,1.0043,-0.358,0.0,0.2372,True,0.0,0.0
754,"[44, 23, 51, 0]","[0, 1, 0]",18,"[0, 0, 1, 0, 0, 0]",6.018,1.004,-0.222,0.0,0.1991,True,0.0,0.0
755,"[44, 24, 13, 0]","[0, 1, 0]",17,"[0, 0, 1, 0, 0, 0]",5.73,1.0,0.145,35.7,0.0,False,0.6995,137.93
756,"[44, 24, 31, 0]","[0, 1, 0]",17,"[0, 0, 1, 0, 0, 0]",5.74,1.0,0.24,17.3,0.0,False,0.6785,133.09
757,"[44, 24, 49, 0]","[0, 1, 0]",17,"[0, 0, 1, 0, 0, 0]",6.15,1.0,0.522,37.08,0.48,False,2.6998,430.56
758,"[44, 24, 14, 0]","[0, 1, 0]",18,"[0, 0, 1, 0, 0, 0]",5.6119,1.0039,-0.115,0.0,0.0,True,0.0,0.0
759,"[44, 24, 32, 0]","[0, 1, 0]",18,"[0, 0, 1, 0, 0, 0]",5.7074,1.0067,0.059,0.0,0.0,False,0.0,0.0
760,"[44, 24, 50, 0]","[0, 1, 0]",18,"[0, 0, 1, 0, 0, 0]",5.99,0.9983,0.246,0.0,0.0,False,0.0,0.0
761,"[44, 24, 15, 0]","[0, 1, 0]",19,"[0, 0, 1, 0, 0, 0]",5.5796,0.9964,-0.281,90.19,0.399,True,0.9958,213.42
762,"[44, 24, 33, 0]","[0, 1, 0]",19,"[0, 0, 1, 0, 0, 0]",5.7409,0.9978,-0.03,100.0,0.575,True,1.0,196.49
763,"[44, 24, 51, 0]","[0, 1, 0]",19,"[0, 0, 1, 0, 0, 0]",6.01,0.9983,0.107,100.0,0.584,False,1.0,171.17
764,"[44, 25, 13, 0]","[0, 1, 0]",18,"[0, 0, 1, 0, 0, 0]",5.67,1.0018,0.128,0.0,0.0,False,0.0004,0.08
765,"[44, 25, 31, 0]","[0, 1, 0]",18,"[0, 0, 1, 0, 0, 0]",5.69,1.0,0.236,50.95,0.0,False,0.1057,21.28
766,"[44, 25, 49, 0]","[0, 1, 0]",18,"[0, 0, 1, 0, 0, 0]",6.15,1.0,0.421,100.0,0.009,False,4.0,637.91
767,"[44, 25, 14, 0]","[0, 1, 0]",19,"[0, 0, 1, 0, 0, 0]",5.6,1.0036,-0.058,93.19,0.0,True,0.9897,208.31
768,"[44, 25, 32, 0]","[0, 1, 0]",19,"[0, 0, 1, 0, 0, 0]",5.72,1.0,0.104,100.0,0.133,False,1.0109,200.38
769,"[44, 25, 50, 0]","[0, 1, 0]",19,"[0, 0, 1, 0, 0, 0]",6.13,1.0,0.158,31.68,0.523,False,3.8907,626.58
770,"[44, 25, 15, 0]","[0, 1, 0]",20,"[0, 0, 1, 0, 0, 0]",5.5888,1.0034,-0.28,100.0,0.65,True,2.0,423.56
771,"[44, 25, 33, 0]","[0, 1, 0]",20,"[0, 0, 1, 0, 0, 0]",5.7574,1.0006,-0.053,100.0,0.779,True,2.0,388.51
772,"[44, 25, 51, 0]","[0, 1, 0]",20,"[0, 0, 1, 0, 0, 0]",6.0633,1.0044,0.022,48.53,0.727,False,3.0196,500.33
773,"[44, 26, 13, 0]","[0, 1, 0]",19,"[0, 0, 1, 0, 0, 0]",5.7885,0.9993,0.178,90.95,0.029,False,3.0007,574.3
774,"[44, 26, 31, 0]","[0, 1, 0]",19,"[0, 0, 1, 0, 0, 0]",5.66,1.0018,0.286,63.75,0.019,False,2.9927,611.19
775,"[44, 26, 49, 0]","[0, 1, 0]",19,"[0, 0, 1, 0, 0, 0]",6.08,1.0,0.505,64.84,0.0,False,3.4353,567.0
776,"[44, 26, 14, 0]","[0, 1, 0]",20,"[0, 0, 1, 0, 0, 0]",5.64,1.0,-0.036,50.79,0.033,True,2.1657,447.8
777,"[44, 26, 32, 0]","[0, 1, 0]",20,"[0, 0, 1, 0, 0, 0]",5.748,1.0023,0.099,12.84,0.133,False,2.3091,450.0
778,"[44, 26, 50, 0]","[0, 1, 0]",20,"[0, 0, 1, 0, 0, 0]",6.0255,1.0001,0.206,58.25,0.152,False,2.8276,479.44
779,"[44, 26, 15, 0]","[0, 1, 0]",21,"[0, 0, 1, 0, 0, 0]",5.59,1.0,-0.229,41.71,0.323,True,2.6572,564.31
780,"[44, 26, 33, 0]","[0, 1, 0]",21,"[0, 0, 1, 0, 0, 0]",5.76,1.0,-0.012,6.65,0.381,True,2.8648,556.1
781,"[44, 26, 51, 0]","[0, 1, 0]",21,"[0, 0, 1, 0, 0, 0]",6.03,1.0,0.053,100.0,0.356,False,3.0002,507.6
782,"[44, 28, 13, 0]","[0, 1, 0]",21,"[0, 0, 1, 0, 0, 0]",5.74,1.0,-0.109,46.69,0.076,True,1.4444,283.32
783,"[44, 28, 31, 0]","[0, 1, 0]",21,"[0, 0, 1, 0, 0, 0]",5.75,1.0,-0.03,41.52,0.076,True,1.1107,216.73
784,"[44, 28, 49, 0]","[0, 1, 0]",21,"[0, 0, 1, 0, 0, 0]",6.04,1.0,0.521,69.32,0.0,False,1.6147,271.84
785,"[44, 28, 14, 0]","[0, 1, 0]",22,"[0, 0, 1, 0, 0, 0]",5.6132,1.0,-0.28,47.24,0.0,True,0.803,168.43
786,"[44, 28, 32, 0]","[0, 1, 0]",22,"[0, 0, 1, 0, 0, 0]",5.7229,1.0024,-0.154,39.11,0.0,True,0.7273,143.6
787,"[44, 28, 50, 0]","[0, 1, 0]",22,"[0, 0, 1, 0, 0, 0]",5.9913,1.0012,-0.06,51.46,0.0,True,0.7544,129.97
788,"[44, 28, 15, 0]","[0, 1, 0]",23,"[0, 0, 1, 0, 0, 0]",5.56,0.9982,-0.472,0.0,0.0,True,0.0,0.0
789,"[44, 28, 33, 0]","[0, 1, 0]",23,"[0, 0, 1, 0, 0, 0]",5.72,0.9983,-0.262,0.0,0.0,True,0.0,0.0
790,"[44, 28, 51, 0]","[0, 1, 0]",23,"[0, 0, 1, 0, 0, 0]",5.99,0.9967,-0.201,0.0,0.0,True,0.0,0.0
791,"[27, 22, 13, 0]","[0, 1, 0]",16,"[0, 0, 1, 0, 0, 0]",5.7,1.0,-0.238,63.36,0.703,True,1.048,209.92
792,"[27, 22, 31, 0]","[0, 1, 0]",16,"[0, 0, 1, 0, 0, 0]",5.71,1.0,-0.246,67.93,0.955,True,1.0926,217.71
793,"[27, 22, 49, 0]","[0, 1, 0]",16,"[0, 0, 1, 0, 0, 0]",5.99,1.0,0.006,61.13,0.789,False,1.33,229.56
794,"[27, 22, 14, 0]","[0, 1, 0]",17,"[0, 0, 1, 0, 0, 0]",5.577,0.9953,-0.59,78.74,1.159,True,0.9998,214.82
795,"[27, 22, 32, 0]","[0, 1, 0]",17,"[0, 0, 1, 0, 0, 0]",5.6437,1.0052,-0.498,51.17,1.097,True,0.9734,199.84
796,"[27, 22, 50, 0]","[0, 1, 0]",17,"[0, 0, 1, 0, 0, 0]",5.9309,1.0038,-0.36,71.31,0.865,True,0.9647,170.89
797,"[27, 22, 15, 0]","[0, 1, 0]",18,"[0, 0, 1, 0, 0, 0]",5.4288,1.0039,-1.109,0.0,1.392,True,0.0,0.0
798,"[27, 22, 33, 0]","[0, 1, 0]",18,"[0, 0, 1, 0, 0, 0]",5.61,1.0,-0.852,0.0,1.2919,True,0.0,0.0
799,"[27, 22, 51, 0]","[0, 1, 0]",18,"[0, 0, 1, 0, 0, 0]",5.8771,1.0017,-0.67,0.0,1.0597,True,0.0,0.0
800,"[27, 23, 13, 0]","[0, 1, 0]",17,"[0, 0, 1, 0, 0, 0]",5.56,1.0,-0.093,58.1,0.195,True,0.6878,148.44
801,"[27, 23, 31, 0]","[0, 1, 0]",17,"[0, 0, 1, 0, 0, 0]",5.56,1.0,-0.068,82.6,0.484,True,0.8593,185.46
802,"[27, 23, 49, 0]","[0, 1, 0]",17,"[0, 0, 1, 0, 0, 0]",5.86,1.0,0.266,89.94,0.655,False,0.967,178.26
803,"[27, 23, 14, 0]","[0, 1, 0]",18,"[0, 0, 1, 0, 0, 0]",5.41,1.0,-0.548,0.0,0.5467,True,0.0,0.0
804,"[27, 23, 32, 0]","[0, 1, 0]",18,"[0, 0, 1, 0, 0, 0]",5.4982,1.0036,-0.391,0.0,0.6791,True,0.0,0.0
805,"[27, 23, 50, 0]","[0, 1, 0]",18,"[0, 0, 1, 0, 0, 0]",5.79,1.0,-0.164,0.0,0.6511,True,0.0,0.0
806,"[27, 23, 15, 0]","[0, 1, 0]",19,"[0, 0, 1, 0, 0, 0]",5.3587,0.998,-0.643,92.65,1.335,True,0.9949,240.32
807,"[27, 23, 33, 0]","[0, 1, 0]",19,"[0, 0, 1, 0, 0, 0]",5.5264,0.9988,-0.363,100.0,1.221,True,1.0,220.05
808,"[27, 23, 51, 0]","[0, 1, 0]",19,"[0, 0, 1, 0, 0, 0]",5.8092,1.0017,-0.182,100.0,0.903,True,1.0,188.9
809,"[27, 24, 13, 0]","[0, 1, 0]",18,"[0, 0, 1, 0, 0, 0]",5.45,1.0042,0.033,0.0,0.038,False,0.0,0.0
810,"[27, 24, 31, 0]","[0, 1, 0]",18,"[0, 0, 1, 0, 0, 0]",5.4451,1.0055,0.078,0.0,0.0,False,0.0,0.0
811,"[27, 24, 49, 0]","[0, 1, 0]",18,"[0, 0, 1, 0, 0, 0]",5.7643,1.0036,0.465,0.0,0.01,False,0.0,0.0
812,"[27, 24, 14, 0]","[0, 1, 0]",19,"[0, 0, 1, 0, 0, 0]",5.3575,1.0026,-0.203,99.6,0.802,True,1.0,240.62
813,"[27, 24, 32, 0]","[0, 1, 0]",19,"[0, 0, 1, 0, 0, 0]",5.4726,1.003,-0.035,100.0,0.964,True,1.0,225.65
814,"[27, 24, 50, 0]","[0, 1, 0]",19,"[0, 0, 1, 0, 0, 0]",5.78,1.0017,0.167,100.0,0.751,False,1.0,191.78
815,"[27, 24, 15, 0]","[0, 1, 0]",20,"[0, 0, 1, 0, 0, 0]",5.3249,1.0041,-0.362,100.0,1.335,True,2.0,489.39
816,"[27, 24, 33, 0]","[0, 1, 0]",20,"[0, 0, 1, 0, 0, 0]",5.5192,1.0001,-0.104,100.0,1.073,True,2.0,441.25
817,"[27, 24, 51, 0]","[0, 1, 0]",20,"[0, 0, 1, 0, 0, 0]",5.8075,1.0004,0.036,100.0,0.76,False,2.0,378.65
818,"[27, 25, 13, 0]","[0, 1, 0]",19,"[0, 0, 1, 0, 0, 0]",5.45,1.0018,0.078,78.09,0.019,False,1.0396,237.8
819,"[27, 25, 31, 0]","[0, 1, 0]",19,"[0, 0, 1, 0, 0, 0]",5.46,1.0,0.139,96.21,0.28,False,1.0028,228.54
820,"[27, 25, 49, 0]","[0, 1, 0]",19,"[0, 0, 1, 0, 0, 0]",5.93,1.0,0.344,19.49,0.751,False,4.3243,769.27
821,"[27, 25, 14, 0]","[0, 1, 0]",20,"[0, 0, 1, 0, 0, 0]",5.356,1.0041,-0.209,100.0,0.779,True,2.0,480.89
822,"[27, 25, 32, 0]","[0, 1, 0]",20,"[0, 0, 1, 0, 0, 0]",5.49,1.0018,-0.057,100.0,0.993,True,2.0,447.56
823,"[27, 25, 50, 0]","[0, 1, 0]",20,"[0, 0, 1, 0, 0, 0]",5.8366,1.0033,0.079,25.61,0.775,False,2.9147,542.02
824,"[27, 25, 15, 0]","[0, 1, 0]",21,"[0, 0, 1, 0, 0, 0]",5.34,1.0,-0.443,100.0,1.288,True,3.0,730.84
825,"[27, 25, 33, 0]","[0, 1, 0]",21,"[0, 0, 1, 0, 0, 0]",5.53,1.0,-0.211,100.0,1.159,True,3.0,658.07
826,"[27, 25, 51, 0]","[0, 1, 0]",21,"[0, 0, 1, 0, 0, 0]",5.82,1.0,-0.108,100.0,0.888,True,3.0,564.52
827,"[27, 26, 13, 0]","[0, 1, 0]",20,"[0, 0, 1, 0, 0, 0]",5.5,0.9982,0.043,63.28,0.004,False,2.6218,585.64
828,"[27, 26, 31, 0]","[0, 1, 0]",20,"[0, 0, 1, 0, 0, 0]",5.51,0.9982,0.107,65.16,0.119,False,2.679,595.16
829,"[27, 26, 49, 0]","[0, 1, 0]",20,"[0, 0, 1, 0, 0, 0]",5.8,1.0,0.373,67.92,0.28,False,3.3909,644.7
830,"[27, 26, 14, 0]","[0, 1, 0]",21,"[0, 0, 1, 0, 0, 0]",5.3621,1.0043,-0.204,86.36,0.328,True,2.9966,717.99
831,"[27, 26, 32, 0]","[0, 1, 0]",21,"[0, 0, 1, 0, 0, 0]",5.5,1.0,-0.061,100.0,0.442,True,3.0,668.9
832,"[27, 26, 50, 0]","[0, 1, 0]",21,"[0, 0, 1, 0, 0, 0]",5.79,0.9983,0.064,100.0,0.461,False,3.0,574.33
833,"[27, 26, 15, 0]","[0, 1, 0]",22,"[0, 0, 1, 0, 0, 0]",5.35,1.0,-0.348,12.31,0.536,True,3.8481,932.21
834,"[27, 26, 33, 0]","[0, 1, 0]",22,"[0, 0, 1, 0, 0, 0]",5.53,1.0018,-0.13,65.6,0.551,True,3.9795,871.36
835,"[27, 26, 51, 0]","[0, 1, 0]",22,"[0, 0, 1, 0, 0, 0]",5.81,1.0,-0.033,52.37,0.537,True,3.9793,752.67
836,"[27, 28, 13, 0]","[0, 1, 0]",22,"[0, 0, 1, 0, 0, 0]",5.49,1.0,0.462,69.46,0.005,False,1.0288,230.64
837,"[27, 28, 31, 0]","[0, 1, 0]",22,"[0, 0, 1, 0, 0, 0]",5.5,1.0018,0.533,68.46,0.0,False,1.1276,250.96
838,"[27, 28, 49, 0]","[0, 1, 0]",22,"[0, 0, 1, 0, 0, 0]",5.81,0.9983,0.765,81.9,0.0,False,1.4494,274.62
839,"[27, 28, 14, 0]","[0, 1, 0]",23,"[0, 0, 1, 0, 0, 0]",5.34,1.0019,0.288,0.0,0.0,False,0.0,0.0
840,"[27, 28, 32, 0]","[0, 1, 0]",23,"[0, 0, 1, 0, 0, 0]",5.4495,1.0042,0.422,0.0,0.0,False,0.0002,0.05
841,"[27, 28, 50, 0]","[0, 1, 0]",23,"[0, 0, 1, 0, 0, 0]",5.7409,1.0028,0.504,0.0,0.0,False,0.0002,0.04
842,"[27, 28, 15, 0]","[0, 1, 0]",24,"[0, 0, 1, 0, 0, 0]",5.28,1.0019,0.141,5.49,0.0,False,0.2689,67.64
843,"[27, 28, 33, 0]","[0, 1, 0]",24,"[0, 0, 1, 0, 0, 0]",5.46,1.0,0.349,11.79,0.0,False,0.4672,106.48
844,"[27, 28, 51, 0]","[0, 1, 0]",24,"[0, 0, 1, 0, 0, 0]",5.73,1.0017,0.4,25.27,0.0,False,0.395,77.75
845,"[45, 22, 13, 0]","[0, 1, 0]",16,"[0, 0, 1, 0, 0, 0]",5.95,1.0,-0.535,64.1,0.224,True,1.2431,218.92
846,"[45, 22, 31, 0]","[0, 1, 0]",16,"[0, 0, 1, 0, 0, 0]",5.95,1.0,-0.492,69.36,0.413,True,1.178,207.45
847,"[45, 22, 49, 0]","[0, 1, 0]",16,"[0, 0, 1, 0, 0, 0]",6.21,1.0,-0.304,66.98,0.351,True,1.3605,210.74
848,"[45, 22, 14, 0]","[0, 1, 0]",17,"[0, 0, 1, 0, 0, 0]",5.83,1.0017,-0.69,0.12,0.713,True,0.0015,0.28
849,"[45, 22, 32, 0]","[0, 1, 0]",17,"[0, 0, 1, 0, 0, 0]",5.92,1.0,-0.635,4.8,0.727,True,0.0679,12.14
850,"[45, 22, 50, 0]","[0, 1, 0]",17,"[0, 0, 1, 0, 0, 0]",6.15,1.0058,-0.591,0.0,0.631,True,0.0001,0.02
851,"[45, 22, 15, 0]","[0, 1, 0]",18,"[0, 0, 1, 0, 0, 0]",5.7366,1.001,-1.075,0.0,0.869,True,0.0,0.0
852,"[45, 22, 33, 0]","[0, 1, 0]",18,"[0, 0, 1, 0, 0, 0]",5.872,1.0039,-0.901,0.0,0.8503,True,0.0,0.0
853,"[45, 22, 51, 0]","[0, 1, 0]",18,"[0, 0, 1, 0, 0, 0]",6.118,1.0034,-0.837,0.0,0.7457,True,0.0,0.0
854,"[45, 23, 13, 0]","[0, 1, 0]",17,"[0, 0, 1, 0, 0, 0]",5.8262,1.0009,-0.275,87.85,0.0,True,0.8014,150.18
855,"[45, 23, 31, 0]","[0, 1, 0]",17,"[0, 0, 1, 0, 0, 0]",5.82,1.0,-0.207,90.12,0.18,True,0.8873,166.97
856,"[45, 23, 49, 0]","[0, 1, 0]",17,"[0, 0, 1, 0, 0, 0]",6.09,1.0,0.048,92.08,0.247,False,0.9487,155.81
857,"[45, 23, 14, 0]","[0, 1, 0]",18,"[0, 0, 1, 0, 0, 0]",5.69,1.0,-0.529,0.0,0.3134,True,0.0,0.0
858,"[45, 23, 32, 0]","[0, 1, 0]",18,"[0, 0, 1, 0, 0, 0]",5.7749,1.0051,-0.41,0.0,0.4279,True,0.0,0.0
859,"[45, 23, 50, 0]","[0, 1, 0]",18,"[0, 0, 1, 0, 0, 0]",6.04,1.0017,-0.302,0.0,0.3899,True,0.0,0.0
860,"[45, 23, 15, 0]","[0, 1, 0]",19,"[0, 0, 1, 0, 0, 0]",5.66,1.0018,-0.567,95.87,0.87,True,0.9998,204.19
861,"[45, 23, 33, 0]","[0, 1, 0]",19,"[0, 0, 1, 0, 0, 0]",5.81,1.0034,-0.377,100.0,0.883,True,1.0,188.5
862,"[45, 23, 51, 0]","[0, 1, 0]",19,"[0, 0, 1, 0, 0, 0]",6.0581,1.0024,-0.312,100.0,0.803,True,1.0,166.45
863,"[45, 24, 13, 0]","[0, 1, 0]",18,"[0, 0, 1, 0, 0, 0]",5.73,1.0,-0.075,0.0,0.0,True,0.0,0.0
864,"[45, 24, 31, 0]","[0, 1, 0]",18,"[0, 0, 1, 0, 0, 0]",5.74,0.9983,0.015,0.0,0.0,False,0.0,0.0
865,"[45, 24, 49, 0]","[0, 1, 0]",18,"[0, 0, 1, 0, 0, 0]",6.19,1.0,0.207,83.4,0.0,False,3.7036,579.27
866,"[45, 24, 14, 0]","[0, 1, 0]",19,"[0, 0, 1, 0, 0, 0]",5.65,1.0018,-0.183,100.0,0.565,True,1.0,205.31
867,"[45, 24, 32, 0]","[0, 1, 0]",19,"[0, 0, 1, 0, 0, 0]",5.75,1.0035,-0.056,100.0,0.665,True,1.0,194.45
868,"[45, 24, 50, 0]","[0, 1, 0]",19,"[0, 0, 1, 0, 0, 0]",6.02,0.9983,0.043,100.0,0.622,False,0.9999,170.3
869,"[45, 24, 15, 0]","[0, 1, 0]",20,"[0, 0, 1, 0, 0, 0]",5.65,1.0035,-0.293,100.0,0.912,True,2.0,409.9
870,"[45, 24, 33, 0]","[0, 1, 0]",20,"[0, 0, 1, 0, 0, 0]",5.81,1.0017,-0.121,100.0,0.945,True,2.0,377.64
871,"[45, 24, 51, 0]","[0, 1, 0]",20,"[0, 0, 1, 0, 0, 0]",6.0742,1.0007,-0.091,83.97,0.818,True,2.374,392.69
872,"[45, 25, 13, 0]","[0, 1, 0]",19,"[0, 0, 1, 0, 0, 0]",5.89,1.0017,-0.191,30.69,0.504,True,4.0227,729.06
873,"[45, 25, 31, 0]","[0, 1, 0]",19,"[0, 0, 1, 0, 0, 0]",5.89,1.0,-0.112,22.75,0.622,True,4.0108,728.14
874,"[45, 25, 49, 0]","[0, 1, 0]",19,"[0, 0, 1, 0, 0, 0]",6.18,1.0,0.019,3.99,0.546,False,4.2613,669.74
875,"[45, 25, 14, 0]","[0, 1, 0]",20,"[0, 0, 1, 0, 0, 0]",5.7109,0.9954,-0.231,55.65,0.713,True,2.8382,567.87
876,"[45, 25, 32, 0]","[0, 1, 0]",20,"[0, 0, 1, 0, 0, 0]",5.8231,1.0036,-0.151,42.28,0.727,True,3.1638,592.28
877,"[45, 25, 50, 0]","[0, 1, 0]",20,"[0, 0, 1, 0, 0, 0]",6.1204,1.0047,-0.176,43.45,0.627,True,3.7188,598.89
878,"[45, 25, 15, 0]","[0, 1, 0]",21,"[0, 0, 1, 0, 0, 0]",5.67,0.9982,-0.404,100.0,0.893,True,3.0,611.6
879,"[45, 25, 33, 0]","[0, 1, 0]",21,"[0, 0, 1, 0, 0, 0]",5.83,0.9983,-0.256,61.34,0.879,True,3.0289,568.0
880,"[45, 25, 51, 0]","[0, 1, 0]",21,"[0, 0, 1, 0, 0, 0]",6.09,1.0,-0.276,18.92,0.751,True,3.3184,545.01
881,"[45, 26, 13, 0]","[0, 1, 0]",20,"[0, 0, 1, 0, 0, 0]",5.78,1.0,-0.147,80.04,0.0,True,2.8322,544.09
882,"[45, 26, 31, 0]","[0, 1, 0]",20,"[0, 0, 1, 0, 0, 0]",5.79,1.0,-0.051,74.27,0.105,True,2.8206,539.05
883,"[45, 26, 49, 0]","[0, 1, 0]",20,"[0, 0, 1, 0, 0, 0]",6.08,1.0,0.145,78.17,0.119,False,3.0844,509.08
884,"[45, 26, 14, 0]","[0, 1, 0]",21,"[0, 0, 1, 0, 0, 0]",5.68,1.0,-0.24,73.74,0.423,True,2.9903,605.34
885,"[45, 26, 32, 0]","[0, 1, 0]",21,"[0, 0, 1, 0, 0, 0]",5.78,0.9982,-0.139,100.0,0.494,True,3.0,577.34
886,"[45, 26, 50, 0]","[0, 1, 0]",21,"[0, 0, 1, 0, 0, 0]",6.05,1.0,-0.121,100.0,0.479,True,3.0,502.55
887,"[45, 26, 15, 0]","[0, 1, 0]",22,"[0, 0, 1, 0, 0, 0]",5.65,0.9982,-0.256,53.45,0.694,True,3.3912,698.72
888,"[45, 26, 33, 0]","[0, 1, 0]",22,"[0, 0, 1, 0, 0, 0]",5.81,1.0,-0.114,59.81,0.712,True,3.5772,676.62
889,"[45, 26, 51, 0]","[0, 1, 0]",22,"[0, 0, 1, 0, 0, 0]",6.0464,1.0025,-0.132,69.64,0.593,True,3.5768,598.77
890,"[45, 28, 13, 0]","[0, 1, 0]",22,"[0, 0, 1, 0, 0, 0]",5.73,1.0,0.199,65.95,0.0,False,0.5473,107.92
891,"[45, 28, 31, 0]","[0, 1, 0]",22,"[0, 0, 1, 0, 0, 0]",5.75,0.9983,0.303,0.0,0.0,False,0.0011,0.22
892,"[45, 28, 49, 0]","[0, 1, 0]",22,"[0, 0, 1, 0, 0, 0]",6.02,0.9983,0.49,73.36,0.0,False,0.4739,80.71
893,"[45, 28, 14, 0]","[0, 1, 0]",23,"[0, 0, 1, 0, 0, 0]",5.62,0.9982,0.143,0.0,0.0,False,0.0,0.0
894,"[45, 28, 32, 0]","[0, 1, 0]",23,"[0, 0, 1, 0, 0, 0]",5.73,1.0,0.249,0.0,0.0,False,0.0,0.0
895,"[45, 28, 50, 0]","[0, 1, 0]",23,"[0, 0, 1, 0, 0, 0]",6.0,0.9967,0.245,0.0,0.0,False,0.0,0.0
896,"[45, 28, 15, 0]","[0, 1, 0]",24,"[0, 0, 1, 0, 0, 0]",5.57,1.0,0.116,0.0,0.0,False,0.0,0.0
897,"[45, 28, 33, 0]","[0, 1, 0]",24,"[0, 0, 1, 0, 0, 0]",5.72,1.0052,0.257,0.0,0.0,False,0.0001,0.02
898,"[45, 28, 51, 0]","[0, 1, 0]",24,"[0, 0, 1, 0, 0, 0]",5.97,1.0,0.209,0.0,0.0,False,0.0,0.0
899,"[28, 22, 13, 0]","[0, 1, 0]",17,"[0, 0, 1, 0, 0, 0]",5.75,1.0,-0.36,95.41,0.418,True,0.9839,191.99
900,"[28, 22, 31, 0]","[0, 1, 0]",17,"[0, 0, 1, 0, 0, 0]",5.72,1.0,-0.385,96.73,0.594,True,0.9969,197.6
901,"[28, 22, 49, 0]","[0, 1, 0]",17,"[0, 0, 1, 0, 0, 0]",5.9916,1.0021,-0.168,96.64,0.451,True,0.9996,172.03
902,"[28, 22, 14, 0]","[0, 1, 0]",18,"[0, 0, 1, 0, 0, 0]",5.56,1.0027,-0.762,0.0,0.7364,True,0.0,0.0
903,"[28, 22, 32, 0]","[0, 1, 0]",18,"[0, 0, 1, 0, 0, 0]",5.6533,1.0025,-0.691,0.0,0.6225,True,0.0,0.0
904,"[28, 22, 50, 0]","[0, 1, 0]",18,"[0, 0, 1, 0, 0, 0]",5.9292,1.0032,-0.571,0.0,0.4375,True,0.0,0.0
905,"[28, 22, 15, 0]","[0, 1, 0]",19,"[0, 0, 1, 0, 0, 0]",5.51,1.0,-0.824,0.0,0.75,True,0.0,0.0
906,"[28, 22, 33, 0]","[0, 1, 0]",19,"[0, 0, 1, 0, 0, 0]",5.67,0.9982,-0.62,0.0,0.779,True,0.0002,0.04
907,"[28, 22, 51, 0]","[0, 1, 0]",19,"[0, 0, 1, 0, 0, 0]",5.96,0.995,-0.507,0.0,0.556,True,0.0,0.0
908,"[28, 23, 13, 0]","[0, 1, 0]",18,"[0, 0, 1, 0, 0, 0]",5.5669,1.0041,-0.196,0.0,0.0995,True,0.0,0.0
909,"[28, 23, 31, 0]","[0, 1, 0]",18,"[0, 0, 1, 0, 0, 0]",5.5508,1.0036,-0.195,0.0,0.3039,True,0.0,0.0
910,"[28, 23, 49, 0]","[0, 1, 0]",18,"[0, 0, 1, 0, 0, 0]",5.8388,1.0029,0.106,0.0,0.2617,False,0.0,0.0
911,"[28, 23, 14, 0]","[0, 1, 0]",19,"[0, 0, 1, 0, 0, 0]",5.47,1.0018,-0.316,90.97,0.902,True,0.9582,216.78
912,"[28, 23, 32, 0]","[0, 1, 0]",19,"[0, 0, 1, 0, 0, 0]",5.58,1.0,-0.203,96.55,0.708,True,0.9917,211.74
913,"[28, 23, 50, 0]","[0, 1, 0]",19,"[0, 0, 1, 0, 0, 0]",5.87,0.9983,-0.079,100.0,0.48,True,1.0,183.72
914,"[28, 23, 15, 0]","[0, 1, 0]",20,"[0, 0, 1, 0, 0, 0]",5.45,0.9982,-0.403,73.68,0.836,True,1.9054,437.44
915,"[28, 23, 33, 0]","[0, 1, 0]",20,"[0, 0, 1, 0, 0, 0]",5.62,0.9982,-0.2,57.58,0.642,True,1.9956,417.8
916,"[28, 23, 51, 0]","[0, 1, 0]",20,"[0, 0, 1, 0, 0, 0]",5.89,1.0,-0.122,100.0,0.408,True,2.0,363.09
917,"[28, 24, 13, 0]","[0, 1, 0]",19,"[0, 0, 1, 0, 0, 0]",5.54,0.9982,0.114,100.0,0.314,False,1.0001,218.59
918,"[28, 24, 31, 0]","[0, 1, 0]",19,"[0, 0, 1, 0, 0, 0]",5.53,1.0,0.149,100.0,0.508,False,1.0,219.36
919,"[28, 24, 49, 0]","[0, 1, 0]",19,"[0, 0, 1, 0, 0, 0]",5.99,1.0,0.331,14.31,0.167,False,3.7035,639.23
920,"[28, 24, 14, 0]","[0, 1, 0]",20,"[0, 0, 1, 0, 0, 0]",5.44,1.0,-0.116,100.0,0.846,True,2.0,460.85
921,"[28, 24, 32, 0]","[0, 1, 0]",20,"[0, 0, 1, 0, 0, 0]",5.56,0.9982,-0.001,100.0,0.637,True,2.0,432.43
922,"[28, 24, 50, 0]","[0, 1, 0]",20,"[0, 0, 1, 0, 0, 0]",5.88,1.0,0.081,52.61,0.318,False,2.488,453.99
923,"[28, 24, 15, 0]","[0, 1, 0]",21,"[0, 0, 1, 0, 0, 0]",5.4247,1.0034,-0.254,100.0,0.77,True,3.0,694.79
924,"[28, 24, 33, 0]","[0, 1, 0]",21,"[0, 0, 1, 0, 0, 0]",5.62,1.0,-0.079,100.0,0.556,True,3.0,626.96
925,"[28, 24, 51, 0]","[0, 1, 0]",21,"[0, 0, 1, 0, 0, 0]",5.89,1.0,-0.042,80.25,0.323,True,3.0499,553.69
926,"[28, 25, 13, 0]","[0, 1, 0]",20,"[0, 0, 0, 1, 0, 0]",5.56,1.036,-0.04,69.47,0.656,True,3.1633,659.02
927,"[28, 25, 31, 0]","[0, 1, 0]",20,"[0, 0, 1, 0, 0, 0]",5.64,1.0,-0.005,57.23,0.603,True,3.3076,683.92
928,"[28, 25, 49, 0]","[0, 1, 0]",20,"[0, 0, 1, 0, 0, 0]",5.96,1.0034,0.152,54.19,0.375,False,3.8207,667.23
929,"[28, 25, 14, 0]","[0, 1, 0]",21,"[0, 0, 1, 0, 0, 0]",5.45,1.0018,-0.251,100.0,0.851,True,3.0,686.22
930,"[28, 25, 32, 0]","[0, 1, 0]",21,"[0, 0, 1, 0, 0, 0]",5.57,1.0018,-0.153,60.38,0.656,True,3.0076,644.47
931,"[28, 25, 50, 0]","[0, 1, 0]",21,"[0, 0, 1, 0, 0, 0]",5.88,1.0,-0.114,1.57,0.427,True,3.319,605.62
932,"[28, 25, 15, 0]","[0, 1, 0]",22,"[0, 0, 1, 0, 0, 0]",5.46,1.0018,-0.4,100.0,0.869,True,4.0,909.94
933,"[28, 25, 33, 0]","[0, 1, 0]",22,"[0, 0, 1, 0, 0, 0]",5.64,0.9982,-0.25,100.0,0.694,True,4.0,828.55
934,"[28, 25, 51, 0]","[0, 1, 0]",22,"[0, 0, 1, 0, 0, 0]",5.91,1.0,-0.217,100.0,0.484,True,4.0,718.83
935,"[28, 26, 13, 0]","[0, 1, 0]",21,"[0, 0, 1, 0, 0, 0]",5.56,0.9964,-0.069,85.43,0.304,True,2.9978,649.34
936,"[28, 26, 31, 0]","[0, 1, 0]",21,"[0, 0, 1, 0, 0, 0]",5.56,0.9982,-0.017,100.0,0.594,True,3.0,648.64
937,"[28, 26, 49, 0]","[0, 1, 0]",21,"[0, 0, 1, 0, 0, 0]",5.85,1.0,0.195,100.0,0.651,False,3.0,555.88
938,"[28, 26, 14, 0]","[0, 1, 0]",22,"[0, 0, 1, 0, 0, 0]",5.44,1.0,-0.12,73.71,0.784,True,3.3327,767.94
939,"[28, 26, 32, 0]","[0, 1, 0]",22,"[0, 0, 1, 0, 0, 0]",5.57,1.0018,-0.029,69.65,0.813,True,3.531,756.62
940,"[28, 26, 50, 0]","[0, 1, 0]",22,"[0, 0, 1, 0, 0, 0]",5.85,1.0017,0.017,74.94,0.717,False,3.4914,645.83
941,"[28, 26, 15, 0]","[0, 1, 0]",23,"[0, 0, 1, 0, 0, 0]",5.4,1.0,-0.189,72.43,1.008,True,3.5904,845.84
942,"[28, 26, 33, 0]","[0, 1, 0]",23,"[0, 0, 0, 1, 0, 0]",5.54,1.0289,-0.025,77.44,0.802,True,3.674,779.06
943,"[28, 26, 51, 0]","[0, 1, 0]",23,"[0, 0, 0, 1, 0, 0]",5.91,0.9712,0.018,84.24,0.536,False,3.3752,624.51
944,"[28, 28, 13, 0]","[0, 1, 0]",23,"[0, 0, 1, 0, 0, 0]",5.49,1.0036,0.793,0.0,0.0,False,0.0,0.0
945,"[28, 28, 31, 0]","[0, 1, 0]",23,"[0, 0, 1, 0, 0, 0]",5.51,0.9982,0.881,0.0,0.0,False,0.0,0.0
946,"[28, 28, 49, 0]","[0, 1, 0]",23,"[0, 0, 1, 0, 0, 0]",5.79,1.0017,1.054,0.0,0.0,False,0.0,0.0
947,"[28, 28, 14, 0]","[0, 1, 0]",24,"[0, 0, 1, 0, 0, 0]",5.36,1.0037,0.736,0.0,0.0,False,0.0,0.0
948,"[28, 28, 32, 0]","[0, 1, 0]",24,"[0, 0, 1, 0, 0, 0]",5.49,1.0,0.839,0.0,0.0,False,0.0,0.0
949,"[28, 28, 50, 0]","[0, 1, 0]",24,"[0, 0, 1, 0, 0, 0]",5.76,1.0035,0.841,0.0,0.0,False,0.0001,0.02
950,"[28, 28, 15, 0]","[0, 1, 0]",25,"[0, 0, 1, 0, 0, 0]",5.3,1.0,0.668,0.0,0.0,False,0.0,0.0
951,"[28, 28, 33, 0]","[0, 1, 0]",25,"[0, 0, 1, 0, 0, 0]",5.3,1.0,0.904,0.0,0.0,False,0.0,0.0
952,"[28, 28, 51, 0]","[0, 1, 0]",25,"[0, 0, 1, 0, 0, 0]",5.76,0.9965,0.797,0.0,0.0,False,0.0,0.0
953,"[24, 22, 13, 0]","[0, 1, 0]",13,"[0, 0, 0, 0, 1, 0]",0.0,-0.0889,100.0,0.0,0.0,False,0.0,0.0
954,"[24, 23, 13, 0]","[0, 1, 0]",14,"[0, 0, 0, 0, 1, 0]",0.0,-0.1611,100.0,0.0,0.0,False,0.0,0.0
955,"[24, 23, 31, 0]","[0, 1, 0]",14,"[0, 0, 0, 0, 1, 0]",0.0,-0.099,100.0,0.0,0.0,False,0.0,0.0
956,"[24, 23, 49, 0]","[0, 1, 0]",14,"[0, 0, 0, 0, 1, 0]",0.5924,0.3397,100.0,0.0,0.0,False,0.4075,0.0
957,"[24, 23, 14, 0]","[0, 1, 0]",15,"[0, 0, 0, 0, 1, 0]",-0.0001,-0.1111,100.0,0.0,0.0,False,0.0012,0.0
958,"[24, 23, 32, 0]","[0, 1, 0]",15,"[0, 0, 0, 0, 1, 0]",0.0003,0.0341,100.0,0.0,0.0,False,0.0034,0.0
959,"[24, 23, 15, 0]","[0, 1, 0]",16,"[0, 0, 0, 0, 1, 0]",0.0001,-0.438,100.0,0.0,0.0,False,0.0017,0.0
960,"[24, 24, 13, 0]","[0, 1, 0]",15,"[0, 0, 0, 0, 1, 0]",0.0317,0.2312,100.0,0.0,0.0,False,0.0037,0.0
961,"[24, 24, 31, 0]","[0, 1, 0]",15,"[0, 0, 0, 0, 1, 0]",0.0,0.1516,100.0,0.0,0.0,False,0.0,0.0
962,"[24, 24, 49, 0]","[0, 1, 0]",15,"[0, 0, 0, 0, 1, 0]",0.002,0.2738,100.0,0.0,0.0,False,0.0346,0.0
963,"[24, 24, 14, 0]","[0, 1, 0]",16,"[0, 0, 0, 0, 1, 0]",-0.5397,-0.0192,100.0,0.0,0.0,False,0.1739,0.0
964,"[24, 25, 13, 0]","[0, 1, 0]",16,"[0, 0, 0, 0, 1, 0]",-0.0331,0.1862,100.0,0.0,0.0,False,0.1779,0.0
965,"[24, 25, 31, 0]","[0, 1, 0]",16,"[0, 0, 0, 0, 1, 0]",-0.038,0.412,100.0,0.0,0.0,False,0.4237,0.0
966,"[24, 25, 49, 0]","[0, 1, 0]",16,"[0, 0, 0, 0, 1, 0]",-0.0018,0.416,100.0,0.0,0.0,False,0.8922,0.0
967,"[24, 26, 13, 0]","[0, 1, 0]",17,"[0, 0, 0, 0, 1, 0]",-0.0323,0.1532,100.0,0.0,0.0,False,0.3733,0.0
968,"[24, 26, 31, 0]","[0, 1, 0]",17,"[0, 0, 0, 0, 1, 0]",-0.5578,0.2718,100.0,0.0,0.0,False,0.0017,0.0
969,"[24, 26, 49, 0]","[0, 1, 0]",17,"[0, 0, 0, 0, 1, 0]",0.8014,0.5521,100.0,0.0,0.0,False,0.4194,0.0
970,"[24, 28, 13, 0]","[0, 1, 0]",19,"[0, 0, 0, 0, 1, 0]",2.5522,0.0854,100.0,0.0,0.0,False,0.3844,0.0
971,"[24, 28, 49, 0]","[0, 1, 0]",19,"[0, 0, 0, 0, 1, 0]",3.5036,0.1643,100.0,0.0,0.0,False,0.3094,0.0
972,"[25, 22, 13, 0]","[0, 1, 0]",14,"[0, 0, 0, 0, 1, 0]",1.6236,-0.1197,100.0,0.0,0.0,False,0.2082,0.0
973,"[25, 22, 31, 0]","[0, 1, 0]",14,"[0, 0, 0, 0, 1, 0]",1.7464,-0.1948,100.0,0.0,0.0,False,0.2228,0.0
974,"[25, 22, 14, 0]","[0, 1, 0]",15,"[0, 0, 0, 0, 1, 0]",-0.0001,-0.3476,100.0,0.0,0.0,False,0.0355,0.0
975,"[25, 23, 13, 0]","[0, 1, 0]",15,"[0, 0, 0, 0, 1, 0]",0.6647,0.0207,100.0,0.0,0.0,False,0.0634,0.0
976,"[25, 23, 31, 0]","[0, 1, 0]",15,"[0, 0, 0, 0, 1, 0]",0.8697,-0.0263,100.0,0.0,0.0,False,0.3644,0.0
977,"[25, 23, 49, 0]","[0, 1, 0]",15,"[0, 0, 0, 0, 1, 0]",1.0756,0.1986,100.0,0.0,0.0,False,0.8269,0.0
978,"[25, 23, 14, 0]","[0, 1, 0]",16,"[0, 0, 0, 0, 1, 0]",0.0,-0.211,100.0,0.0,0.0,False,0.0012,0.0
979,"[25, 24, 13, 0]","[0, 1, 0]",16,"[0, 0, 0, 0, 1, 0]",-0.0456,0.1406,100.0,0.0,0.0,False,0.4137,0.0
980,"[25, 24, 31, 0]","[0, 1, 0]",16,"[0, 0, 0, 0, 1, 0]",-0.0056,0.1262,100.0,0.0,0.0,False,0.9037,0.0
981,"[25, 24, 49, 0]","[0, 1, 0]",16,"[0, 0, 0, 0, 1, 0]",0.2152,0.3917,100.0,0.0,0.0,False,0.116,0.0
982,"[25, 25, 13, 0]","[0, 1, 0]",17,"[0, 0, 0, 0, 1, 0]",-0.0204,-0.0146,100.0,0.0,0.0,False,0.3585,0.0
983,"[25, 28, 31, 0]","[0, 1, 0]",20,"[0, 0, 0, 0, 1, 0]",3.4011,-0.013,100.0,0.0,0.0,False,0.3077,0.0
984,"[25, 28, 49, 0]","[0, 1, 0]",20,"[0, 0, 0, 0, 1, 0]",3.9933,0.1529,100.0,0.0,0.0,False,0.3538,0.0
985,"[25, 28, 33, 0]","[0, 1, 0]",22,"[0, 0, 0, 0, 1, 0]",3.4745,-0.1689,100.0,0.0,0.0,False,0.0497,0.0
986,"[26, 22, 13, 0]","[0, 1, 0]",15,"[0, 0, 0, 0, 1, 0]",0.0027,-0.1646,100.0,0.0,0.0,False,0.075,0.0
987,"[26, 22, 31, 0]","[0, 1, 0]",15,"[0, 0, 0, 0, 1, 0]",0.442,-0.1751,100.0,0.0,0.0,False,0.0625,0.0
988,"[26, 22, 49, 0]","[0, 1, 0]",15,"[0, 0, 0, 0, 1, 0]",0.6539,0.105,100.0,0.0,0.0,False,0.1159,0.0
989,"[26, 22, 14, 0]","[0, 1, 0]",16,"[0, 0, 0, 0, 1, 0]",0.0,-0.4228,100.0,0.0,0.0,False,0.0,0.0
990,"[26, 23, 13, 0]","[0, 1, 0]",16,"[0, 0, 0, 0, 1, 0]",0.0,-0.04,100.0,0.0,0.0,False,0.0,0.0
991,"[26, 23, 31, 0]","[0, 1, 0]",16,"[0, 0, 0, 0, 1, 0]",0.0,-0.0305,100.0,0.0,0.0,False,0.0,0.0
992,"[26, 23, 49, 0]","[0, 1, 0]",16,"[0, 0, 0, 0, 1, 0]",0.0734,0.2917,100.0,0.0,0.0,False,0.3346,0.0
993,"[26, 24, 13, 0]","[0, 1, 0]",17,"[0, 0, 0, 0, 1, 0]",-0.0165,0.159,100.0,0.0,0.0,False,0.0308,0.0
994,"[26, 24, 49, 0]","[0, 1, 0]",17,"[0, 0, 0, 0, 1, 0]",-0.8036,0.4735,100.0,0.0,0.0,False,0.2006,0.0
995,"[44, 22, 13, 0]","[0, 1, 0]",15,"[0, 0, 0, 0, 1, 0]",-0.1162,-0.2797,100.0,0.0,0.0,False,0.02,0.0
996,"[44, 22, 31, 0]","[0, 1, 0]",15,"[0, 0, 0, 0, 1, 0]",0.0,-0.3696,100.0,0.0,0.0,False,0.0,0.0
997,"[44, 22, 49, 0]","[0, 1, 0]",15,"[0, 0, 0, 0, 1, 0]",0.0,-0.1143,100.0,0.0,0.0,False,0.0,0.0
998,"[44, 23, 49, 0]","[0, 1, 0]",16,"[0, 0, 0, 0, 1, 0]",0.0,0.1585,100.0,0.0,0.0,False,0.0,0.0
999,"[44, 23, 50, 0]","[0, 1, 0]",17,"[0, 0, 0, 0, 1, 0]",0.0,-0.0277,100.0,0.0,0.0,False,0.0,0.0
1000,"[44, 24, 13, 0]","[0, 1, 0]",17,"[0, 0, 0, 0, 1, 0]",-0.0879,0.1437,100.0,0.0,0.0,False,0.0,0.0
1001,"[44, 24, 31, 0]","[0, 1, 0]",17,"[0, 0, 0, 0, 1, 0]",-0.0001,0.0801,100.0,0.0,0.0,False,0.0,0.0
1002,"[44, 24, 49, 0]","[0, 1, 0]",17,"[0, 0, 0, 0, 1, 0]",-1.9599,0.4198,100.0,0.0,0.0,False,0.5841,0.0
1003,"[44, 26, 49, 0]","[0, 1, 0]",19,"[0, 0, 0, 0, 1, 0]",-3.4053,0.3581,100.0,0.0,0.0,False,0.1115,0.0
1004,"[44, 28, 13, 0]","[0, 1, 0]",21,"[0, 0, 0, 0, 1, 0]",0.0,-0.3212,100.0,0.0,0.0,False,0.0,0.0
1005,"[44, 28, 31, 0]","[0, 1, 0]",21,"[0, 0, 0, 0, 1, 0]",0.0001,-0.1431,100.0,0.0,0.0,False,0.0,0.0
1006,"[44, 28, 49, 0]","[0, 1, 0]",21,"[0, 0, 0, 0, 1, 0]",-0.5883,0.34,100.0,0.0,0.0,False,0.0025,0.0
1007,"[27, 22, 13, 0]","[0, 1, 0]",16,"[0, 0, 0, 0, 1, 0]",0.0141,-0.2877,100.0,0.0,0.0,False,0.1905,0.0
1008,"[27, 22, 31, 0]","[0, 1, 0]",16,"[0, 0, 0, 0, 1, 0]",0.0071,-0.3195,100.0,0.0,0.0,False,0.0061,0.0
1009,"[27, 22, 49, 0]","[0, 1, 0]",16,"[0, 0, 0, 0, 1, 0]",-0.0001,-0.0619,100.0,0.0,0.0,False,0.0,0.0
1010,"[27, 23, 13, 0]","[0, 1, 0]",17,"[0, 0, 0, 0, 1, 0]",-0.5685,-0.0948,100.0,0.0,0.0,False,0.377,0.0
1011,"[27, 23, 31, 0]","[0, 1, 0]",17,"[0, 0, 0, 0, 1, 0]",0.0,-0.0985,100.0,0.0,0.0,False,0.0,0.0
1012,"[27, 23, 49, 0]","[0, 1, 0]",17,"[0, 0, 0, 0, 1, 0]",0.0,0.1999,100.0,0.0,0.0,False,0.0,0.0
1013,"[27, 26, 49, 0]","[0, 1, 0]",20,"[0, 0, 0, 0, 1, 0]",-3.8992,0.3004,100.0,0.0,0.0,False,0.2227,0.0
1014,"[45, 22, 31, 0]","[0, 1, 0]",16,"[0, 0, 0, 0, 1, 0]",0.0,-0.5396,100.0,0.0,0.0,False,0.0,0.0
1015,"[45, 22, 49, 0]","[0, 1, 0]",16,"[0, 0, 0, 0, 1, 0]",0.0,-0.358,100.0,0.0,0.0,False,0.0,0.0
1016,"[45, 23, 31, 0]","[0, 1, 0]",17,"[0, 0, 0, 0, 1, 0]",-0.904,-0.2077,100.0,0.0,0.0,False,0.7823,0.0
1017,"[45, 23, 49, 0]","[0, 1, 0]",17,"[0, 0, 0, 0, 1, 0]",-0.241,0.0386,100.0,0.0,0.0,False,0.7402,0.0
1018,"[45, 26, 49, 0]","[0, 1, 0]",20,"[0, 0, 0, 0, 1, 0]",-3.185,0.1051,100.0,0.0,0.0,False,0.5659,0.0
1019,"[45, 28, 15, 0]","[0, 1, 0]",24,"[0, 0, 0, 0, 1, 0]",0.0,-0.3907,100.0,0.0,0.0,False,0.0,0.0
1020,"[28, 22, 13, 0]","[0, 1, 0]",17,"[0, 0, 0, 0, 1, 0]",0.0,-0.366,100.0,0.0,0.0,False,0.0,0.0
1021,"[28, 22, 31, 0]","[0, 1, 0]",17,"[0, 0, 0, 0, 1, 0]",0.0,-0.4025,100.0,0.0,0.0,False,0.0,0.0
1022,"[28, 26, 15, 0]","[0, 1, 0]",23,"[0, 0, 0, 0, 1, 0]",0.0005,-0.4033,100.0,0.0,0.0,False,0.0,0.0
1023,"[28, 28, 15, 0]","[0, 1, 0]",25,"[0, 0, 0, 0, 1, 0]",0.0,-0.4451,100.0,0.0,0.0,False,0.0,0.0
1024,"[28, 28, 33, 0]","[0, 1, 0]",25,"[0, 0, 0, 0, 1, 0]",0.0,-0.1525,100.0,0.0,0.0,False,0.0,0.0
1025,"[21, 21, 22, 49]","[0, 0, 1]",13,"[0, 0, 0, 1, 0, 0]",6.08,1.5329,-0.176,51.67,0.0,True,1.4104,151.86
1026,"[21, 21, 22, 14]","[0, 0, 1]",14,"[0, 0, 0, 1, 0, 0]",5.75,1.5774,-0.312,1.84,0.0,True,1.2994,160.74
1027,"[21, 21, 22, 50]","[0, 0, 1]",14,"[0, 0, 0, 1, 0, 0]",6.02,1.5698,-0.359,12.14,0.0,True,1.5508,167.98
1028,"[21, 21, 22, 15]","[0, 0, 1]",15,"[0, 0, 0, 1, 0, 0]",5.61,1.6239,-0.51,44.53,0.0,True,0.7873,101.86
1029,"[21, 21, 22, 33]","[0, 0, 1]",15,"[0, 0, 0, 1, 0, 0]",5.73,1.623,-0.444,42.0,0.0,True,0.5189,63.04
1030,"[21, 21, 23, 33]","[0, 0, 1]",16,"[0, 0, 0, 1, 0, 0]",5.64,1.6028,-0.282,0.0,0.0,True,0.0015,0.19
1031,"[21, 21, 30, 15]","[0, 0, 1]",23,"[0, 0, 0, 1, 0, 0]",5.45,1.8055,-0.704,0.0,0.0,True,0.0,0.0
1032,"[21, 21, 30, 33]","[0, 0, 1]",23,"[0, 0, 0, 1, 0, 0]",5.57,1.7899,-0.641,0.0,0.0,True,0.0,0.0
1033,"[22, 22, 23, 33]","[0, 0, 1]",18,"[0, 0, 0, 1, 0, 0]",5.35,1.5888,-0.368,6.37,0.0,True,1.6493,251.48
1034,"[22, 22, 28, 13]","[0, 0, 1]",21,"[0, 0, 0, 1, 0, 0]",5.28,1.6098,-0.303,0.0,0.0,True,0.0,0.0
1035,"[23, 23, 29, 13]","[0, 0, 1]",24,"[0, 0, 0, 1, 0, 0]",5.23,1.5105,0.008,30.84,0.0,False,0.0852,14.63
1036,"[23, 23, 30, 33]","[0, 0, 1]",27,"[0, 0, 0, 1, 0, 0]",5.2246,1.5678,-0.026,32.92,0.0,True,0.5928,98.36
1037,"[24, 24, 29, 15]","[0, 0, 1]",28,"[0, 0, 0, 1, 0, 0]",5.1,1.4471,-0.021,18.67,0.0,True,0.2165,41.84
1038,"[24, 24, 30, 15]","[0, 0, 1]",29,"[0, 0, 0, 1, 0, 0]",5.15,1.5049,0.015,4.6,0.0,False,0.3507,63.29
1039,"[25, 25, 28, 15]","[0, 0, 1]",29,"[0, 0, 0, 1, 0, 0]",5.07,1.357,-0.273,27.41,0.0,True,1.2154,254.94
1040,"[25, 25, 30, 15]","[0, 0, 1]",31,"[0, 0, 0, 1, 0, 0]",5.04,1.621,-0.091,41.49,0.0,True,5.7612,1029.81
1041,"[25, 25, 30, 51]","[0, 0, 1]",31,"[0, 0, 0, 1, 0, 0]",5.45,1.5633,0.128,52.21,0.0,False,6.011,881.13
1042,"[26, 26, 29, 33]","[0, 0, 1]",32,"[0, 0, 0, 1, 0, 0]",5.2,1.4404,0.095,70.18,0.0,False,4.8846,894.68
1043,"[26, 26, 29, 51]","[0, 0, 1]",32,"[0, 0, 0, 1, 0, 0]",5.47,1.3803,0.169,71.99,0.0,False,4.66,765.23
1044,"[26, 26, 30, 32]","[0, 0, 1]",32,"[0, 0, 0, 1, 0, 0]",5.16,1.5019,0.03,52.68,0.0,False,4.3462,781.33
1045,"[26, 26, 30, 50]","[0, 0, 1]",32,"[0, 0, 0, 1, 0, 0]",5.41,1.4806,0.121,63.02,0.0,False,4.4514,704.36
1046,"[26, 26, 30, 33]","[0, 0, 1]",33,"[0, 0, 0, 1, 0, 0]",5.18,1.5232,0.094,29.31,0.0,False,4.4799,784.98
1047,"[27, 27, 28, 31]","[0, 0, 1]",31,"[0, 0, 0, 1, 0, 0]",5.21,1.3052,-0.154,61.26,0.0,True,2.7384,550.35
1048,"[27, 27, 28, 49]","[0, 0, 1]",31,"[0, 0, 0, 1, 0, 0]",5.44,1.3107,0.115,69.91,0.0,False,2.9077,511.2
1049,"[27, 27, 28, 14]","[0, 0, 1]",32,"[0, 0, 0, 1, 0, 0]",5.0307,1.3534,-0.316,49.49,0.0,True,2.2607,486.68
1050,"[27, 27, 28, 32]","[0, 0, 1]",32,"[0, 0, 0, 1, 0, 0]",5.13,1.3567,-0.13,55.84,0.0,True,2.4031,486.69
1051,"[27, 27, 28, 50]","[0, 0, 1]",32,"[0, 0, 0, 1, 0, 0]",5.3848,1.3345,-0.016,51.75,0.0,True,2.5023,445.48
1052,"[27, 27, 29, 49]","[0, 0, 1]",32,"[0, 0, 0, 1, 0, 0]",5.53,1.2857,0.195,69.56,0.0,False,2.7872,475.53
1053,"[27, 27, 29, 14]","[0, 0, 1]",33,"[0, 0, 0, 1, 0, 0]",5.02,1.4104,-0.117,59.15,0.0,True,2.2312,463.9
1054,"[29, 29, 30, 14]","[0, 0, 1]",38,"[0, 0, 0, 1, 0, 0]",5.21,1.476,0.037,0.0,0.0,False,0.0,0.0
1055,"[29, 29, 30, 32]","[0, 0, 1]",38,"[0, 0, 0, 1, 0, 0]",5.32,1.4793,0.044,0.0,0.0,False,0.0,0.0
1056,"[29, 29, 30, 15]","[0, 0, 1]",39,"[0, 0, 0, 1, 0, 0]",5.19,1.5029,-0.003,0.0,0.0,True,0.0,0.0
1057,"[29, 29, 30, 51]","[0, 0, 1]",39,"[0, 0, 0, 1, 0, 0]",5.61,1.4652,0.131,0.0,0.0,False,0.0,0.0
1058,"[22, 22, 24, 50]","[0, 0, 1]",18,"[0, 0, 0, 0, 0, 1]",6.47,1.0,-0.181,0.0,0.575,True,0.0,0.0
1059,"[22, 22, 24, 51]","[0, 0, 1]",19,"[0, 0, 0, 0, 0, 1]",6.38,1.0,-0.111,69.85,0.428,True,0.965,137.85
1060,"[22, 22, 25, 50]","[0, 0, 1]",19,"[0, 0, 0, 0, 0, 1]",6.39,1.0,-0.188,100.0,0.593,True,1.0,142.18
1061,"[22, 22, 27, 49]","[0, 0, 1]",20,"[0, 0, 0, 0, 0, 1]",6.351,1.0,-0.089,100.0,0.613,True,2.0,289.62
1062,"[23, 23, 24, 14]","[0, 0, 1]",20,"[0, 0, 0, 0, 0, 1]",5.8497,0.9999,-0.266,0.0,0.076,True,0.0003,0.06
1063,"[23, 23, 24, 32]","[0, 0, 1]",20,"[0, 0, 0, 0, 0, 1]",5.94,1.0,-0.118,100.0,0.086,True,2.0,354.0
1064,"[23, 23, 24, 50]","[0, 0, 1]",20,"[0, 0, 0, 0, 0, 1]",6.222,1.0,0.084,56.24,0.043,False,2.3385,360.14
1065,"[23, 23, 24, 51]","[0, 0, 1]",21,"[0, 0, 0, 0, 0, 1]",6.21,1.0,0.057,1.35,0.19,False,2.8927,448.08
1066,"[23, 23, 25, 13]","[0, 0, 1]",20,"[0, 0, 0, 0, 0, 1]",5.9218,0.9999,-0.148,100.0,0.142,True,2.0,357.29
1067,"[23, 23, 25, 31]","[0, 0, 1]",20,"[0, 0, 0, 0, 0, 1]",5.924,1.0,-0.118,100.0,0.124,True,2.0,356.87
1068,"[23, 23, 25, 49]","[0, 0, 1]",20,"[0, 0, 0, 0, 0, 1]",6.271,1.0,0.197,54.7,0.157,False,3.2251,485.13
1069,"[23, 23, 25, 14]","[0, 0, 1]",21,"[0, 0, 0, 0, 0, 1]",5.8159,1.0001,-0.34,0.0,0.038,True,0.0009,0.17
1070,"[23, 23, 25, 32]","[0, 0, 1]",21,"[0, 0, 0, 0, 0, 1]",5.92,1.0,-0.193,1.16,0.095,True,2.8136,503.07
1071,"[23, 23, 25, 50]","[0, 0, 1]",21,"[0, 0, 0, 0, 0, 1]",6.2,1.0,-0.002,73.96,0.1,True,2.9604,460.79
1072,"[23, 23, 25, 15]","[0, 0, 1]",22,"[0, 0, 0, 0, 0, 1]",5.6947,1.0021,-0.419,1.08,0.053,True,0.5855,117.36
1073,"[23, 23, 26, 13]","[0, 0, 1]",21,"[0, 0, 0, 0, 0, 1]",5.9142,1.0,-0.191,30.55,0.276,True,2.911,521.99
1074,"[23, 23, 26, 31]","[0, 0, 1]",21,"[0, 0, 0, 0, 0, 1]",5.91,1.0,-0.146,28.29,0.204,True,2.8487,511.93
1075,"[23, 23, 26, 49]","[0, 0, 1]",21,"[0, 0, 0, 0, 0, 1]",6.17,1.0,0.173,33.82,0.09,False,2.8998,457.97
1076,"[23, 23, 26, 14]","[0, 0, 1]",22,"[0, 0, 0, 0, 0, 1]",5.7819,1.0003,-0.341,92.64,0.285,True,1.986,381.04
1077,"[23, 23, 27, 49]","[0, 0, 1]",22,"[0, 0, 0, 0, 0, 1]",6.15,1.0,0.18,80.23,0.513,False,1.9987,318.75
1078,"[24, 24, 25, 13]","[0, 0, 1]",22,"[0, 0, 0, 0, 0, 1]",5.831,1.0,-0.086,100.0,0.204,True,2.0,374.22
1079,"[24, 24, 25, 31]","[0, 0, 1]",22,"[0, 0, 0, 0, 0, 1]",5.832,1.0,-0.004,94.52,0.138,True,1.993,372.72
1080,"[24, 24, 25, 49]","[0, 0, 1]",22,"[0, 0, 0, 0, 0, 1]",6.31,1.0,0.313,12.29,0.0,False,3.6325,536.35
1081,"[24, 24, 25, 14]","[0, 0, 1]",23,"[0, 0, 0, 0, 0, 1]",5.66,1.0,-0.236,65.52,0.085,True,1.135,232.21
1082,"[24, 24, 26, 13]","[0, 0, 1]",23,"[0, 0, 0, 0, 0, 1]",5.76,1.0,-0.066,99.04,0.0,True,1.0051,195.11
1083,"[24, 24, 26, 31]","[0, 0, 1]",23,"[0, 0, 0, 0, 0, 1]",5.79,1.0,0.033,96.75,0.076,False,0.9849,188.23
1084,"[24, 24, 26, 49]","[0, 0, 1]",23,"[0, 0, 0, 0, 0, 1]",6.12,1.0,0.383,94.42,0.0,False,0.9769,158.1
1085,"[24, 24, 26, 14]","[0, 0, 1]",24,"[0, 0, 0, 0, 0, 1]",5.6189,0.9992,-0.222,0.0,0.147,True,0.0006,0.13
1086,"[24, 24, 26, 32]","[0, 0, 1]",24,"[0, 0, 0, 0, 0, 1]",5.762,1.0,0.013,94.54,0.195,False,0.0156,3.03
1087,"[24, 24, 26, 50]","[0, 0, 1]",24,"[0, 0, 0, 0, 0, 1]",6.081,1.0,0.227,95.47,0.057,False,0.0233,3.84
1088,"[24, 24, 26, 15]","[0, 0, 1]",25,"[0, 0, 0, 0, 0, 1]",5.5813,1.0002,-0.226,98.92,0.076,True,1.0141,216.33
1089,"[24, 24, 26, 33]","[0, 0, 1]",25,"[0, 0, 0, 0, 0, 1]",5.76,1.0,0.062,97.08,0.394,False,1.0106,196.17
1090,"[24, 24, 26, 51]","[0, 0, 1]",25,"[0, 0, 0, 0, 0, 1]",6.05,1.0,0.22,97.09,0.461,False,1.0134,169.76
1091,"[24, 24, 27, 13]","[0, 0, 1]",24,"[0, 0, 0, 0, 0, 1]",5.79,1.0,-0.08,95.82,0.352,True,0.0095,1.82
1092,"[24, 24, 27, 31]","[0, 0, 1]",24,"[0, 0, 0, 0, 0, 1]",5.815,1.0,0.008,88.3,0.053,False,0.0747,14.09
1093,"[24, 24, 27, 49]","[0, 0, 1]",24,"[0, 0, 0, 0, 0, 1]",6.13,1.0,0.299,80.54,0.048,False,0.1443,23.24
1094,"[24, 24, 27, 50]","[0, 0, 1]",25,"[0, 0, 0, 0, 0, 1]",6.11,1.0,0.141,89.59,0.271,False,1.034,168.16
1095,"[24, 24, 27, 15]","[0, 0, 1]",26,"[0, 0, 0, 0, 0, 1]",5.6185,0.9986,-0.22,100.0,0.48,True,1.9999,418.86
1096,"[24, 24, 27, 51]","[0, 0, 1]",26,"[0, 0, 0, 0, 0, 1]",6.06,1.0,0.15,97.58,0.342,False,2.0016,333.65
1097,"[24, 24, 28, 13]","[0, 0, 1]",25,"[0, 0, 0, 0, 0, 1]",5.7,1.0,-0.071,100.0,0.142,True,1.0,200.31
1098,"[24, 24, 28, 31]","[0, 0, 1]",25,"[0, 0, 0, 0, 0, 1]",5.87,1.0,-0.02,75.65,0.332,True,0.9898,181.53
1099,"[24, 24, 28, 49]","[0, 0, 1]",25,"[0, 0, 0, 0, 0, 1]",6.18,1.0,0.219,10.75,0.252,False,0.7431,116.79
1100,"[24, 24, 28, 50]","[0, 0, 1]",26,"[0, 0, 0, 0, 0, 1]",6.17,1.0,0.115,16.27,0.442,False,0.8278,130.74
1101,"[24, 24, 28, 51]","[0, 0, 1]",27,"[0, 0, 0, 0, 0, 1]",6.132,1.0,0.159,30.79,0.484,False,1.2883,207.27
1102,"[24, 24, 29, 13]","[0, 0, 1]",26,"[0, 0, 0, 0, 0, 1]",5.93,1.0,0.077,32.52,0.19,False,0.7568,134.63
1103,"[24, 24, 29, 31]","[0, 0, 1]",26,"[0, 0, 0, 0, 0, 1]",5.98,1.0,0.144,11.66,0.152,False,0.4454,77.26
1104,"[24, 24, 29, 49]","[0, 0, 1]",26,"[0, 0, 0, 0, 0, 1]",6.307,1.0,0.31,3.44,0.0,False,0.1492,22.06
1105,"[24, 24, 29, 14]","[0, 0, 1]",27,"[0, 0, 0, 0, 0, 1]",5.78,1.0,0.039,51.28,0.214,False,0.8017,154.01
1106,"[24, 24, 29, 32]","[0, 0, 1]",27,"[0, 0, 0, 0, 0, 1]",5.962,1.0,0.181,11.6,0.461,False,0.6161,107.85
1107,"[24, 24, 29, 50]","[0, 0, 1]",27,"[0, 0, 0, 0, 0, 1]",6.283,1.0,0.229,4.9,0.337,False,0.2333,34.89
1108,"[24, 24, 29, 51]","[0, 0, 1]",28,"[0, 0, 0, 0, 0, 1]",6.28,1.0,0.279,7.21,0.076,False,0.3134,46.94
1109,"[24, 24, 30, 13]","[0, 0, 1]",27,"[0, 0, 0, 0, 0, 1]",6.005,1.0,0.067,16.62,0.314,False,0.7063,121.0
1110,"[24, 24, 30, 31]","[0, 0, 1]",27,"[0, 0, 0, 0, 0, 1]",6.071,1.0,0.15,7.21,0.195,False,0.0778,12.9
1111,"[24, 24, 30, 49]","[0, 0, 1]",27,"[0, 0, 0, 0, 0, 1]",6.385,1.0,0.304,4.17,0.0,False,0.0036,0.51
1112,"[24, 24, 30, 50]","[0, 0, 1]",28,"[0, 0, 0, 0, 0, 1]",6.36,1.0,0.27,36.52,0.0,False,0.1016,14.65
1113,"[25, 25, 26, 13]","[0, 0, 1]",25,"[0, 0, 0, 0, 0, 1]",5.75,1.0,-0.158,98.43,0.418,True,1.0009,195.31
1114,"[25, 25, 26, 31]","[0, 0, 1]",25,"[0, 0, 0, 0, 0, 1]",5.79,1.0,-0.075,95.78,0.104,True,1.0386,198.49
1115,"[25, 25, 26, 49]","[0, 0, 1]",25,"[0, 0, 0, 0, 0, 1]",6.13,1.0,0.231,40.05,0.186,False,1.3374,215.38
1116,"[25, 25, 26, 14]","[0, 0, 1]",26,"[0, 0, 0, 0, 0, 1]",5.6006,0.9998,-0.362,84.51,0.256,True,2.0077,424.03
1117,"[25, 25, 26, 32]","[0, 0, 1]",26,"[0, 0, 0, 0, 0, 1]",5.72,1.0,-0.14,85.64,0.418,True,2.0135,399.11
1118,"[25, 25, 26, 50]","[0, 0, 1]",26,"[0, 0, 0, 0, 0, 1]",6.059,0.9972,0.065,93.53,0.09,False,1.9994,334.38
1119,"[25, 25, 26, 15]","[0, 0, 1]",27,"[0, 0, 0, 0, 0, 1]",5.5584,0.9989,-0.352,100.0,0.252,True,3.0,648.75
1120,"[25, 25, 26, 33]","[0, 0, 1]",27,"[0, 0, 0, 0, 0, 1]",5.72,1.0,-0.071,100.0,0.337,True,3.0,594.65
1121,"[25, 25, 26, 51]","[0, 0, 1]",27,"[0, 0, 0, 0, 0, 1]",5.9914,1.0003,0.081,100.0,0.418,False,3.0,517.29
1122,"[25, 25, 27, 13]","[0, 0, 1]",26,"[0, 0, 0, 0, 0, 1]",5.7349,0.9995,-0.27,100.0,0.38,True,1.9999,393.53
1123,"[25, 25, 27, 31]","[0, 0, 1]",26,"[0, 0, 0, 0, 0, 1]",5.76,1.0,-0.167,85.26,0.047,True,2.0045,389.1
1124,"[25, 25, 27, 49]","[0, 0, 1]",26,"[0, 0, 0, 0, 0, 1]",6.091,1.0,0.135,6.5,0.0,False,1.7774,291.77
1125,"[25, 25, 27, 14]","[0, 0, 1]",27,"[0, 0, 0, 0, 0, 1]",5.621,0.9989,-0.365,100.0,0.513,True,3.0,627.28
1126,"[25, 25, 27, 32]","[0, 0, 1]",27,"[0, 0, 0, 0, 0, 1]",5.733,1.0,-0.153,100.0,0.323,True,3.0,590.61
1127,"[25, 25, 27, 50]","[0, 0, 1]",27,"[0, 0, 0, 0, 0, 1]",6.092,1.0,0.026,31.41,0.0,False,1.5295,250.96
1128,"[25, 25, 27, 15]","[0, 0, 1]",28,"[0, 0, 0, 0, 0, 1]",5.5814,1.0002,-0.333,100.0,0.508,True,4.0,853.28
1129,"[25, 25, 27, 33]","[0, 0, 1]",28,"[0, 0, 0, 0, 0, 1]",5.7378,1.0005,-0.08,100.0,0.295,True,4.0,785.13
1130,"[25, 25, 27, 51]","[0, 0, 1]",28,"[0, 0, 0, 0, 0, 1]",5.9853,1.0005,0.042,100.0,0.499,False,4.0,691.7
1131,"[25, 25, 28, 13]","[0, 0, 1]",27,"[0, 0, 0, 0, 0, 1]",5.8,1.0,-0.253,52.14,0.0,True,1.1766,223.7
1132,"[25, 25, 28, 31]","[0, 0, 1]",27,"[0, 0, 0, 0, 0, 1]",5.83,1.0,-0.17,58.96,0.0,True,1.1825,221.37
1133,"[25, 25, 28, 49]","[0, 0, 1]",27,"[0, 0, 0, 0, 0, 1]",6.17,1.0,0.055,4.49,0.0,False,0.5289,83.53
1134,"[25, 25, 28, 14]","[0, 0, 1]",28,"[0, 0, 0, 0, 0, 1]",5.7,1.0,-0.29,27.68,0.076,True,1.0712,214.57
1135,"[25, 25, 28, 32]","[0, 0, 1]",28,"[0, 0, 0, 0, 0, 1]",5.85,1.0,-0.14,31.03,0.0,True,0.897,166.21
1136,"[25, 25, 28, 50]","[0, 0, 1]",28,"[0, 0, 0, 0, 0, 1]",6.146,1.0,-0.046,33.54,0.0,True,0.5561,88.86
1137,"[25, 25, 29, 13]","[0, 0, 1]",28,"[0, 0, 0, 0, 0, 1]",5.89,1.0,-0.11,52.06,0.0,True,0.1841,33.42
1138,"[25, 25, 29, 31]","[0, 0, 1]",28,"[0, 0, 0, 0, 0, 1]",5.937,1.0,-0.042,58.57,0.0,True,0.3264,57.86
1139,"[25, 25, 29, 49]","[0, 0, 1]",28,"[0, 0, 0, 0, 0, 1]",6.247,1.0,0.141,26.49,0.0,False,0.2512,38.22
1140,"[26, 26, 27, 13]","[0, 0, 1]",28,"[0, 0, 0, 0, 0, 1]",5.7006,1.0007,-0.27,58.7,0.114,True,4.991,998.74
1141,"[26, 26, 27, 31]","[0, 0, 1]",28,"[0, 0, 0, 0, 0, 1]",5.724,1.0,-0.156,45.86,0.1,True,5.1876,1026.11
1142,"[26, 26, 27, 49]","[0, 0, 1]",28,"[0, 0, 0, 0, 0, 1]",6.0101,1.0021,0.136,52.55,0.057,False,6.0264,1027.68
1143,"[26, 26, 27, 14]","[0, 0, 1]",29,"[0, 0, 0, 0, 0, 1]",5.6086,0.9988,-0.371,74.15,0.138,True,4.9626,1044.71
1144,"[26, 26, 27, 32]","[0, 0, 1]",29,"[0, 0, 0, 0, 0, 1]",5.72,1.0,-0.164,53.05,0.123,True,5.0832,1007.57
1145,"[26, 26, 27, 50]","[0, 0, 1]",29,"[0, 0, 0, 0, 0, 1]",5.9753,1.0045,-0.012,57.29,0.0,True,5.4656,946.13
1146,"[26, 26, 27, 15]","[0, 0, 1]",30,"[0, 0, 0, 0, 0, 1]",5.5898,1.0006,-0.279,21.21,0.109,True,5.7626,1223.17
1147,"[26, 26, 27, 33]","[0, 0, 1]",30,"[0, 0, 0, 0, 0, 1]",5.7646,1.0005,-0.057,67.59,0.114,True,5.9465,1150.96
1148,"[26, 26, 27, 51]","[0, 0, 1]",30,"[0, 0, 0, 0, 0, 1]",5.992,1.001,0.021,37.5,0.048,False,5.9328,1021.94
1149,"[26, 26, 28, 13]","[0, 0, 1]",29,"[0, 0, 0, 0, 0, 1]",5.7455,0.9972,-0.292,10.33,0.228,True,4.7777,937.04
1150,"[26, 26, 28, 31]","[0, 0, 1]",29,"[0, 0, 0, 0, 0, 1]",5.757,1.0,-0.183,6.86,0.304,True,4.8692,946.66
1151,"[26, 26, 28, 49]","[0, 0, 1]",29,"[0, 0, 0, 0, 0, 1]",6.0193,1.003,0.076,23.84,0.294,False,5.1485,873.12
1152,"[27, 27, 28, 13]","[0, 0, 1]",31,"[0, 0, 0, 0, 0, 1]",5.69,1.0,-0.241,3.37,0.09,True,2.9916,602.41
